roster,capacity,hand_size,days,window,discard_limit,gain_threshold,budget,seed,focal_seats,opponent_revision,timeout,embarrassment,total_spent,budget_remaining,sockless_days,faults,fault_details,budget_exhausted_on_day,source_sha256,python_version
"2,2,2,2",28,4,730,40,1,6,120.0,4001,"0,1,2,3",8ddbf1da444305a57c12cf2b9c60b04f5ffbdd6b,1,680.75,120.0,0.0,0,0,,,2e946b33c5250f1bfeb1ff11bcb23e627d2bf252c21c483961896468dd31d0ee,3.13.13
"2,2,2,2",28,4,730,40,1,6,120.0,4002,"0,1,2,3",8ddbf1da444305a57c12cf2b9c60b04f5ffbdd6b,1,1385.25,110.0,10.0,0,0,,,2e946b33c5250f1bfeb1ff11bcb23e627d2bf252c21c483961896468dd31d0ee,3.13.13
"2,2,2,2",28,4,730,40,1,6,120.0,4003,"0,1,2,3",8ddbf1da444305a57c12cf2b9c60b04f5ffbdd6b,1,676.0,120.0,0.0,0,0,,726,2e946b33c5250f1bfeb1ff11bcb23e627d2bf252c21c483961896468dd31d0ee,3.13.13
"2,2,2,2",28,4,730,40,1,6,120.0,4004,"0,1,2,3",8ddbf1da444305a57c12cf2b9c60b04f5ffbdd6b,1,307.5,110.0,10.0,0,0,,,2e946b33c5250f1bfeb1ff11bcb23e627d2bf252c21c483961896468dd31d0ee,3.13.13
"2,2,2,2",28,4,730,40,1,6,120.0,4005,"0,1,2,3",8ddbf1da444305a57c12cf2b9c60b04f5ffbdd6b,1,546.0,120.0,0.0,0,0,,721,2e946b33c5250f1bfeb1ff11bcb23e627d2bf252c21c483961896468dd31d0ee,3.13.13
"2,2,2,2",28,4,730,40,1,6,120.0,4006,"0,1,2,3",8ddbf1da444305a57c12cf2b9c60b04f5ffbdd6b,1,1636.25,120.0,0.0,0,0,,,2e946b33c5250f1bfeb1ff11bcb23e627d2bf252c21c483961896468dd31d0ee,3.13.13
"2,2,2,2",28,4,730,40,1,6,120.0,4007,"0,1,2,3",8ddbf1da444305a57c12cf2b9c60b04f5ffbdd6b,1,1247.25,120.0,0.0,0,0,,,2e946b33c5250f1bfeb1ff11bcb23e627d2bf252c21c483961896468dd31d0ee,3.13.13
"2,2,2,2",28,4,730,40,1,6,120.0,4008,"0,1,2,3",8ddbf1da444305a57c12cf2b9c60b04f5ffbdd6b,1,2351.25,120.0,0.0,0,0,,,2e946b33c5250f1bfeb1ff11bcb23e627d2bf252c21c483961896468dd31d0ee,3.13.13
"2,2,2,2",28,4,730,40,1,6,120.0,4009,"0,1,2,3",8ddbf1da444305a57c12cf2b9c60b04f5ffbdd6b,1,305.5,120.0,0.0,0,0,,,2e946b33c5250f1bfeb1ff11bcb23e627d2bf252c21c483961896468dd31d0ee,3.13.13
"2,2,2,2",28,4,730,40,1,6,120.0,4010,"0,1,2,3",8ddbf1da444305a57c12cf2b9c60b04f5ffbdd6b,1,1178.75,120.0,0.0,0,0,,,2e946b33c5250f1bfeb1ff11bcb23e627d2bf252c21c483961896468dd31d0ee,3.13.13
"2,2,2,2",28,4,730,40,1,6,120.0,4011,"0,1,2,3",8ddbf1da444305a57c12cf2b9c60b04f5ffbdd6b,1,1658.0,120.0,0.0,0,0,,,2e946b33c5250f1bfeb1ff11bcb23e627d2bf252c21c483961896468dd31d0ee,3.13.13
"2,2,2,2",28,4,730,40,1,6,120.0,4012,"0,1,2,3",8ddbf1da444305a57c12cf2b9c60b04f5ffbdd6b,1,1851.5,120.0,0.0,0,0,,,2e946b33c5250f1bfeb1ff11bcb23e627d2bf252c21c483961896468dd31d0ee,3.13.13
"2,2,2,2",28,4,730,40,1,6,120.0,4013,"0,1,2,3",8ddbf1da444305a57c12cf2b9c60b04f5ffbdd6b,1,691.0,120.0,0.0,0,0,,,2e946b33c5250f1bfeb1ff11bcb23e627d2bf252c21c483961896468dd31d0ee,3.13.13
"2,2,2,2",28,4,730,40,1,6,120.0,4014,"0,1,2,3",8ddbf1da444305a57c12cf2b9c60b04f5ffbdd6b,1,1210.75,120.0,0.0,0,0,,,2e946b33c5250f1bfeb1ff11bcb23e627d2bf252c21c483961896468dd31d0ee,3.13.13
"2,2,2,2",28,4,730,40,1,6,120.0,4015,"0,1,2,3",8ddbf1da444305a57c12cf2b9c60b04f5ffbdd6b,1,1592.75,120.0,0.0,0,0,,,2e946b33c5250f1bfeb1ff11bcb23e627d2bf252c21c483961896468dd31d0ee,3.13.13
"2,2,2,2",28,4,730,40,1,6,120.0,4016,"0,1,2,3",8ddbf1da444305a57c12cf2b9c60b04f5ffbdd6b,1,1937.0,120.0,0.0,0,0,,,2e946b33c5250f1bfeb1ff11bcb23e627d2bf252c21c483961896468dd31d0ee,3.13.13
"2,2,2,2",28,4,730,40,1,6,120.0,4017,"0,1,2,3",8ddbf1da444305a57c12cf2b9c60b04f5ffbdd6b,1,916.75,120.0,0.0,0,0,,,2e946b33c5250f1bfeb1ff11bcb23e627d2bf252c21c483961896468dd31d0ee,3.13.13
"2,2,2,2",28,4,730,40,1,6,120.0,4018,"0,1,2,3",8ddbf1da444305a57c12cf2b9c60b04f5ffbdd6b,1,585.25,120.0,0.0,0,0,,,2e946b33c5250f1bfeb1ff11bcb23e627d2bf252c21c483961896468dd31d0ee,3.13.13
"2,2,2,2",28,4,730,40,1,6,120.0,4019,"0,1,2,3",8ddbf1da444305a57c12cf2b9c60b04f5ffbdd6b,1,978.75,120.0,0.0,0,0,,704,2e946b33c5250f1bfeb1ff11bcb23e627d2bf252c21c483961896468dd31d0ee,3.13.13
"2,2,2,2",28,4,730,40,1,6,120.0,4020,"0,1,2,3",8ddbf1da444305a57c12cf2b9c60b04f5ffbdd6b,1,1936.25,120.0,0.0,0,0,,,2e946b33c5250f1bfeb1ff11bcb23e627d2bf252c21c483961896468dd31d0ee,3.13.13
"2,2,2,2",28,4,730,40,1,6,120.0,4021,"0,1,2,3",8ddbf1da444305a57c12cf2b9c60b04f5ffbdd6b,1,981.25,120.0,0.0,0,0,,717,2e946b33c5250f1bfeb1ff11bcb23e627d2bf252c21c483961896468dd31d0ee,3.13.13
"2,2,2,2",28,4,730,40,1,6,120.0,4022,"0,1,2,3",8ddbf1da444305a57c12cf2b9c60b04f5ffbdd6b,1,1801.0,120.0,0.0,0,0,,,2e946b33c5250f1bfeb1ff11bcb23e627d2bf252c21c483961896468dd31d0ee,3.13.13
"2,2,2,2",28,4,730,40,1,6,120.0,4023,"0,1,2,3",8ddbf1da444305a57c12cf2b9c60b04f5ffbdd6b,1,331.0,110.0,10.0,0,0,,,2e946b33c5250f1bfeb1ff11bcb23e627d2bf252c21c483961896468dd31d0ee,3.13.13
"2,2,2,2",28,4,730,40,1,6,120.0,4024,"0,1,2,3",8ddbf1da444305a57c12cf2b9c60b04f5ffbdd6b,1,706.0,110.0,10.0,0,0,,,2e946b33c5250f1bfeb1ff11bcb23e627d2bf252c21c483961896468dd31d0ee,3.13.13
"2,2,2,2",28,4,730,40,1,6,120.0,4025,"0,1,2,3",8ddbf1da444305a57c12cf2b9c60b04f5ffbdd6b,1,1355.75,120.0,0.0,0,0,,730,2e946b33c5250f1bfeb1ff11bcb23e627d2bf252c21c483961896468dd31d0ee,3.13.13
"2,2,2,2",28,4,730,40,1,6,120.0,4026,"0,1,2,3",8ddbf1da444305a57c12cf2b9c60b04f5ffbdd6b,1,2057.25,120.0,0.0,0,0,,,2e946b33c5250f1bfeb1ff11bcb23e627d2bf252c21c483961896468dd31d0ee,3.13.13
"2,2,2,2",28,4,730,40,1,6,120.0,4027,"0,1,2,3",8ddbf1da444305a57c12cf2b9c60b04f5ffbdd6b,1,846.25,120.0,0.0,0,0,,726,2e946b33c5250f1bfeb1ff11bcb23e627d2bf252c21c483961896468dd31d0ee,3.13.13
"2,2,2,2",28,4,730,40,1,6,120.0,4028,"0,1,2,3",8ddbf1da444305a57c12cf2b9c60b04f5ffbdd6b,1,994.0,120.0,0.0,0,0,,,2e946b33c5250f1bfeb1ff11bcb23e627d2bf252c21c483961896468dd31d0ee,3.13.13
"2,2,2,2",28,4,730,40,1,6,120.0,4029,"0,1,2,3",8ddbf1da444305a57c12cf2b9c60b04f5ffbdd6b,1,610.5,120.0,0.0,0,0,,718,2e946b33c5250f1bfeb1ff11bcb23e627d2bf252c21c483961896468dd31d0ee,3.13.13
"2,2,2,2",28,4,730,40,1,6,120.0,4030,"0,1,2,3",8ddbf1da444305a57c12cf2b9c60b04f5ffbdd6b,1,1653.0,110.0,10.0,0,0,,,2e946b33c5250f1bfeb1ff11bcb23e627d2bf252c21c483961896468dd31d0ee,3.13.13
"2,2,2,2",28,4,730,40,1,6,400.0,4001,"0,1,2,3",8ddbf1da444305a57c12cf2b9c60b04f5ffbdd6b,1,964.5,130.0,270.0,0,0,,,2e946b33c5250f1bfeb1ff11bcb23e627d2bf252c21c483961896468dd31d0ee,3.13.13
"2,2,2,2",28,4,730,40,1,6,400.0,4002,"0,1,2,3",8ddbf1da444305a57c12cf2b9c60b04f5ffbdd6b,1,605.5,130.0,270.0,0,0,,,2e946b33c5250f1bfeb1ff11bcb23e627d2bf252c21c483961896468dd31d0ee,3.13.13
"2,2,2,2",28,4,730,40,1,6,400.0,4003,"0,1,2,3",8ddbf1da444305a57c12cf2b9c60b04f5ffbdd6b,1,416.0,140.0,260.0,0,0,,,2e946b33c5250f1bfeb1ff11bcb23e627d2bf252c21c483961896468dd31d0ee,3.13.13
"2,2,2,2",28,4,730,40,1,6,400.0,4004,"0,1,2,3",8ddbf1da444305a57c12cf2b9c60b04f5ffbdd6b,1,1121.25,140.0,260.0,0,0,,,2e946b33c5250f1bfeb1ff11bcb23e627d2bf252c21c483961896468dd31d0ee,3.13.13
"2,2,2,2",28,4,730,40,1,6,400.0,4005,"0,1,2,3",8ddbf1da444305a57c12cf2b9c60b04f5ffbdd6b,1,377.0,130.0,270.0,0,0,,,2e946b33c5250f1bfeb1ff11bcb23e627d2bf252c21c483961896468dd31d0ee,3.13.13
"2,2,2,2",28,4,730,40,1,6,400.0,4006,"0,1,2,3",8ddbf1da444305a57c12cf2b9c60b04f5ffbdd6b,1,596.0,130.0,270.0,0,0,,,2e946b33c5250f1bfeb1ff11bcb23e627d2bf252c21c483961896468dd31d0ee,3.13.13
"2,2,2,2",28,4,730,40,1,6,400.0,4007,"0,1,2,3",8ddbf1da444305a57c12cf2b9c60b04f5ffbdd6b,1,907.25,120.0,280.0,0,0,,,2e946b33c5250f1bfeb1ff11bcb23e627d2bf252c21c483961896468dd31d0ee,3.13.13
"2,2,2,2",28,4,730,40,1,6,400.0,4008,"0,1,2,3",8ddbf1da444305a57c12cf2b9c60b04f5ffbdd6b,1,417.25,120.0,280.0,0,0,,,2e946b33c5250f1bfeb1ff11bcb23e627d2bf252c21c483961896468dd31d0ee,3.13.13
"2,2,2,2",28,4,730,40,1,6,400.0,4009,"0,1,2,3",8ddbf1da444305a57c12cf2b9c60b04f5ffbdd6b,1,860.25,130.0,270.0,0,0,,,2e946b33c5250f1bfeb1ff11bcb23e627d2bf252c21c483961896468dd31d0ee,3.13.13
"2,2,2,2",28,4,730,40,1,6,400.0,4010,"0,1,2,3",8ddbf1da444305a57c12cf2b9c60b04f5ffbdd6b,1,761.75,130.0,270.0,0,0,,,2e946b33c5250f1bfeb1ff11bcb23e627d2bf252c21c483961896468dd31d0ee,3.13.13
"2,2,2,2",28,4,730,40,1,6,400.0,4011,"0,1,2,3",8ddbf1da444305a57c12cf2b9c60b04f5ffbdd6b,1,932.25,130.0,270.0,0,0,,,2e946b33c5250f1bfeb1ff11bcb23e627d2bf252c21c483961896468dd31d0ee,3.13.13
"2,2,2,2",28,4,730,40,1,6,400.0,4012,"0,1,2,3",8ddbf1da444305a57c12cf2b9c60b04f5ffbdd6b,1,515.25,130.0,270.0,0,0,,,2e946b33c5250f1bfeb1ff11bcb23e627d2bf252c21c483961896468dd31d0ee,3.13.13
"2,2,2,2",28,4,730,40,1,6,400.0,4013,"0,1,2,3",8ddbf1da444305a57c12cf2b9c60b04f5ffbdd6b,1,462.75,120.0,280.0,0,0,,,2e946b33c5250f1bfeb1ff11bcb23e627d2bf252c21c483961896468dd31d0ee,3.13.13
"2,2,2,2",28,4,730,40,1,6,400.0,4014,"0,1,2,3",8ddbf1da444305a57c12cf2b9c60b04f5ffbdd6b,1,215.0,120.0,280.0,0,0,,,2e946b33c5250f1bfeb1ff11bcb23e627d2bf252c21c483961896468dd31d0ee,3.13.13
"2,2,2,2",28,4,730,40,1,6,400.0,4015,"0,1,2,3",8ddbf1da444305a57c12cf2b9c60b04f5ffbdd6b,1,640.5,130.0,270.0,0,0,,,2e946b33c5250f1bfeb1ff11bcb23e627d2bf252c21c483961896468dd31d0ee,3.13.13
"2,2,2,2",28,4,730,40,1,6,400.0,4016,"0,1,2,3",8ddbf1da444305a57c12cf2b9c60b04f5ffbdd6b,1,213.0,120.0,280.0,0,0,,,2e946b33c5250f1bfeb1ff11bcb23e627d2bf252c21c483961896468dd31d0ee,3.13.13
"2,2,2,2",28,4,730,40,1,6,400.0,4017,"0,1,2,3",8ddbf1da444305a57c12cf2b9c60b04f5ffbdd6b,1,225.75,120.0,280.0,0,0,,,2e946b33c5250f1bfeb1ff11bcb23e627d2bf252c21c483961896468dd31d0ee,3.13.13
"2,2,2,2",28,4,730,40,1,6,400.0,4018,"0,1,2,3",8ddbf1da444305a57c12cf2b9c60b04f5ffbdd6b,1,256.5,120.0,280.0,0,0,,,2e946b33c5250f1bfeb1ff11bcb23e627d2bf252c21c483961896468dd31d0ee,3.13.13
"2,2,2,2",28,4,730,40,1,6,400.0,4019,"0,1,2,3",8ddbf1da444305a57c12cf2b9c60b04f5ffbdd6b,1,580.0,140.0,260.0,0,0,,,2e946b33c5250f1bfeb1ff11bcb23e627d2bf252c21c483961896468dd31d0ee,3.13.13
"2,2,2,2",28,4,730,40,1,6,400.0,4020,"0,1,2,3",8ddbf1da444305a57c12cf2b9c60b04f5ffbdd6b,1,141.25,120.0,280.0,0,0,,,2e946b33c5250f1bfeb1ff11bcb23e627d2bf252c21c483961896468dd31d0ee,3.13.13
"2,2,2,2",28,4,730,40,1,6,400.0,4021,"0,1,2,3",8ddbf1da444305a57c12cf2b9c60b04f5ffbdd6b,1,498.5,130.0,270.0,0,0,,,2e946b33c5250f1bfeb1ff11bcb23e627d2bf252c21c483961896468dd31d0ee,3.13.13
"2,2,2,2",28,4,730,40,1,6,400.0,4022,"0,1,2,3",8ddbf1da444305a57c12cf2b9c60b04f5ffbdd6b,1,471.0,130.0,270.0,0,0,,,2e946b33c5250f1bfeb1ff11bcb23e627d2bf252c21c483961896468dd31d0ee,3.13.13
"2,2,2,2",28,4,730,40,1,6,400.0,4023,"0,1,2,3",8ddbf1da444305a57c12cf2b9c60b04f5ffbdd6b,1,468.25,120.0,280.0,0,0,,,2e946b33c5250f1bfeb1ff11bcb23e627d2bf252c21c483961896468dd31d0ee,3.13.13
"2,2,2,2",28,4,730,40,1,6,400.0,4024,"0,1,2,3",8ddbf1da444305a57c12cf2b9c60b04f5ffbdd6b,1,1178.0,140.0,260.0,0,0,,,2e946b33c5250f1bfeb1ff11bcb23e627d2bf252c21c483961896468dd31d0ee,3.13.13
"2,2,2,2",28,4,730,40,1,6,400.0,4025,"0,1,2,3",8ddbf1da444305a57c12cf2b9c60b04f5ffbdd6b,1,186.5,130.0,270.0,0,0,,,2e946b33c5250f1bfeb1ff11bcb23e627d2bf252c21c483961896468dd31d0ee,3.13.13
"2,2,2,2",28,4,730,40,1,6,400.0,4026,"0,1,2,3",8ddbf1da444305a57c12cf2b9c60b04f5ffbdd6b,1,187.25,120.0,280.0,0,0,,,2e946b33c5250f1bfeb1ff11bcb23e627d2bf252c21c483961896468dd31d0ee,3.13.13
"2,2,2,2",28,4,730,40,1,6,400.0,4027,"0,1,2,3",8ddbf1da444305a57c12cf2b9c60b04f5ffbdd6b,1,1528.25,130.0,270.0,0,0,,,2e946b33c5250f1bfeb1ff11bcb23e627d2bf252c21c483961896468dd31d0ee,3.13.13
"2,2,2,2",28,4,730,40,1,6,400.0,4028,"0,1,2,3",8ddbf1da444305a57c12cf2b9c60b04f5ffbdd6b,1,949.25,120.0,280.0,0,0,,,2e946b33c5250f1bfeb1ff11bcb23e627d2bf252c21c483961896468dd31d0ee,3.13.13
"2,2,2,2",28,4,730,40,1,6,400.0,4029,"0,1,2,3",8ddbf1da444305a57c12cf2b9c60b04f5ffbdd6b,1,579.25,120.0,280.0,0,0,,,2e946b33c5250f1bfeb1ff11bcb23e627d2bf252c21c483961896468dd31d0ee,3.13.13
"2,2,2,2",28,4,730,40,1,6,400.0,4030,"0,1,2,3",8ddbf1da444305a57c12cf2b9c60b04f5ffbdd6b,1,208.75,130.0,270.0,0,0,,,2e946b33c5250f1bfeb1ff11bcb23e627d2bf252c21c483961896468dd31d0ee,3.13.13
"2,2,2,2",28,4,730,40,2,6,120.0,4001,"0,1,2,3",8ddbf1da444305a57c12cf2b9c60b04f5ffbdd6b,1,680.75,120.0,0.0,0,0,,,2e946b33c5250f1bfeb1ff11bcb23e627d2bf252c21c483961896468dd31d0ee,3.13.13
"2,2,2,2",28,4,730,40,2,6,120.0,4002,"0,1,2,3",8ddbf1da444305a57c12cf2b9c60b04f5ffbdd6b,1,1385.25,110.0,10.0,0,0,,,2e946b33c5250f1bfeb1ff11bcb23e627d2bf252c21c483961896468dd31d0ee,3.13.13
"2,2,2,2",28,4,730,40,2,6,120.0,4003,"0,1,2,3",8ddbf1da444305a57c12cf2b9c60b04f5ffbdd6b,1,676.0,120.0,0.0,0,0,,726,2e946b33c5250f1bfeb1ff11bcb23e627d2bf252c21c483961896468dd31d0ee,3.13.13
"2,2,2,2",28,4,730,40,2,6,120.0,4004,"0,1,2,3",8ddbf1da444305a57c12cf2b9c60b04f5ffbdd6b,1,307.5,110.0,10.0,0,0,,,2e946b33c5250f1bfeb1ff11bcb23e627d2bf252c21c483961896468dd31d0ee,3.13.13
"2,2,2,2",28,4,730,40,2,6,120.0,4005,"0,1,2,3",8ddbf1da444305a57c12cf2b9c60b04f5ffbdd6b,1,546.0,120.0,0.0,0,0,,721,2e946b33c5250f1bfeb1ff11bcb23e627d2bf252c21c483961896468dd31d0ee,3.13.13
"2,2,2,2",28,4,730,40,2,6,120.0,4006,"0,1,2,3",8ddbf1da444305a57c12cf2b9c60b04f5ffbdd6b,1,1636.25,120.0,0.0,0,0,,,2e946b33c5250f1bfeb1ff11bcb23e627d2bf252c21c483961896468dd31d0ee,3.13.13
"2,2,2,2",28,4,730,40,2,6,120.0,4007,"0,1,2,3",8ddbf1da444305a57c12cf2b9c60b04f5ffbdd6b,1,1247.25,120.0,0.0,0,0,,,2e946b33c5250f1bfeb1ff11bcb23e627d2bf252c21c483961896468dd31d0ee,3.13.13
"2,2,2,2",28,4,730,40,2,6,120.0,4008,"0,1,2,3",8ddbf1da444305a57c12cf2b9c60b04f5ffbdd6b,1,2351.25,120.0,0.0,0,0,,,2e946b33c5250f1bfeb1ff11bcb23e627d2bf252c21c483961896468dd31d0ee,3.13.13
"2,2,2,2",28,4,730,40,2,6,120.0,4009,"0,1,2,3",8ddbf1da444305a57c12cf2b9c60b04f5ffbdd6b,1,305.5,120.0,0.0,0,0,,,2e946b33c5250f1bfeb1ff11bcb23e627d2bf252c21c483961896468dd31d0ee,3.13.13
"2,2,2,2",28,4,730,40,2,6,120.0,4010,"0,1,2,3",8ddbf1da444305a57c12cf2b9c60b04f5ffbdd6b,1,1178.75,120.0,0.0,0,0,,,2e946b33c5250f1bfeb1ff11bcb23e627d2bf252c21c483961896468dd31d0ee,3.13.13
"2,2,2,2",28,4,730,40,2,6,120.0,4011,"0,1,2,3",8ddbf1da444305a57c12cf2b9c60b04f5ffbdd6b,1,1658.0,120.0,0.0,0,0,,,2e946b33c5250f1bfeb1ff11bcb23e627d2bf252c21c483961896468dd31d0ee,3.13.13
"2,2,2,2",28,4,730,40,2,6,120.0,4012,"0,1,2,3",8ddbf1da444305a57c12cf2b9c60b04f5ffbdd6b,1,1539.5,120.0,0.0,0,0,,,2e946b33c5250f1bfeb1ff11bcb23e627d2bf252c21c483961896468dd31d0ee,3.13.13
"2,2,2,2",28,4,730,40,2,6,120.0,4013,"0,1,2,3",8ddbf1da444305a57c12cf2b9c60b04f5ffbdd6b,1,691.0,120.0,0.0,0,0,,,2e946b33c5250f1bfeb1ff11bcb23e627d2bf252c21c483961896468dd31d0ee,3.13.13
"2,2,2,2",28,4,730,40,2,6,120.0,4014,"0,1,2,3",8ddbf1da444305a57c12cf2b9c60b04f5ffbdd6b,1,1210.75,120.0,0.0,0,0,,,2e946b33c5250f1bfeb1ff11bcb23e627d2bf252c21c483961896468dd31d0ee,3.13.13
"2,2,2,2",28,4,730,40,2,6,120.0,4015,"0,1,2,3",8ddbf1da444305a57c12cf2b9c60b04f5ffbdd6b,1,1592.75,120.0,0.0,0,0,,,2e946b33c5250f1bfeb1ff11bcb23e627d2bf252c21c483961896468dd31d0ee,3.13.13
"2,2,2,2",28,4,730,40,2,6,120.0,4016,"0,1,2,3",8ddbf1da444305a57c12cf2b9c60b04f5ffbdd6b,1,1132.5,120.0,0.0,0,0,,,2e946b33c5250f1bfeb1ff11bcb23e627d2bf252c21c483961896468dd31d0ee,3.13.13
"2,2,2,2",28,4,730,40,2,6,120.0,4017,"0,1,2,3",8ddbf1da444305a57c12cf2b9c60b04f5ffbdd6b,1,916.75,120.0,0.0,0,0,,,2e946b33c5250f1bfeb1ff11bcb23e627d2bf252c21c483961896468dd31d0ee,3.13.13
"2,2,2,2",28,4,730,40,2,6,120.0,4018,"0,1,2,3",8ddbf1da444305a57c12cf2b9c60b04f5ffbdd6b,1,585.25,120.0,0.0,0,0,,,2e946b33c5250f1bfeb1ff11bcb23e627d2bf252c21c483961896468dd31d0ee,3.13.13
"2,2,2,2",28,4,730,40,2,6,120.0,4019,"0,1,2,3",8ddbf1da444305a57c12cf2b9c60b04f5ffbdd6b,1,978.75,120.0,0.0,0,0,,704,2e946b33c5250f1bfeb1ff11bcb23e627d2bf252c21c483961896468dd31d0ee,3.13.13
"2,2,2,2",28,4,730,40,2,6,120.0,4020,"0,1,2,3",8ddbf1da444305a57c12cf2b9c60b04f5ffbdd6b,1,321.75,120.0,0.0,0,0,,,2e946b33c5250f1bfeb1ff11bcb23e627d2bf252c21c483961896468dd31d0ee,3.13.13
"2,2,2,2",28,4,730,40,2,6,120.0,4021,"0,1,2,3",8ddbf1da444305a57c12cf2b9c60b04f5ffbdd6b,1,1368.5,110.0,10.0,0,0,,,2e946b33c5250f1bfeb1ff11bcb23e627d2bf252c21c483961896468dd31d0ee,3.13.13
"2,2,2,2",28,4,730,40,2,6,120.0,4022,"0,1,2,3",8ddbf1da444305a57c12cf2b9c60b04f5ffbdd6b,1,1708.5,120.0,0.0,0,0,,,2e946b33c5250f1bfeb1ff11bcb23e627d2bf252c21c483961896468dd31d0ee,3.13.13
"2,2,2,2",28,4,730,40,2,6,120.0,4023,"0,1,2,3",8ddbf1da444305a57c12cf2b9c60b04f5ffbdd6b,1,331.0,110.0,10.0,0,0,,,2e946b33c5250f1bfeb1ff11bcb23e627d2bf252c21c483961896468dd31d0ee,3.13.13
"2,2,2,2",28,4,730,40,2,6,120.0,4024,"0,1,2,3",8ddbf1da444305a57c12cf2b9c60b04f5ffbdd6b,1,706.0,110.0,10.0,0,0,,,2e946b33c5250f1bfeb1ff11bcb23e627d2bf252c21c483961896468dd31d0ee,3.13.13
"2,2,2,2",28,4,730,40,2,6,120.0,4025,"0,1,2,3",8ddbf1da444305a57c12cf2b9c60b04f5ffbdd6b,1,997.0,120.0,0.0,0,0,,,2e946b33c5250f1bfeb1ff11bcb23e627d2bf252c21c483961896468dd31d0ee,3.13.13
"2,2,2,2",28,4,730,40,2,6,120.0,4026,"0,1,2,3",8ddbf1da444305a57c12cf2b9c60b04f5ffbdd6b,1,2057.25,120.0,0.0,0,0,,,2e946b33c5250f1bfeb1ff11bcb23e627d2bf252c21c483961896468dd31d0ee,3.13.13
"2,2,2,2",28,4,730,40,2,6,120.0,4027,"0,1,2,3",8ddbf1da444305a57c12cf2b9c60b04f5ffbdd6b,1,1126.75,120.0,0.0,0,0,,,2e946b33c5250f1bfeb1ff11bcb23e627d2bf252c21c483961896468dd31d0ee,3.13.13
"2,2,2,2",28,4,730,40,2,6,120.0,4028,"0,1,2,3",8ddbf1da444305a57c12cf2b9c60b04f5ffbdd6b,1,1033.0,120.0,0.0,0,0,,,2e946b33c5250f1bfeb1ff11bcb23e627d2bf252c21c483961896468dd31d0ee,3.13.13
"2,2,2,2",28,4,730,40,2,6,120.0,4029,"0,1,2,3",8ddbf1da444305a57c12cf2b9c60b04f5ffbdd6b,1,610.5,120.0,0.0,0,0,,718,2e946b33c5250f1bfeb1ff11bcb23e627d2bf252c21c483961896468dd31d0ee,3.13.13
"2,2,2,2",28,4,730,40,2,6,120.0,4030,"0,1,2,3",8ddbf1da444305a57c12cf2b9c60b04f5ffbdd6b,1,1653.0,110.0,10.0,0,0,,,2e946b33c5250f1bfeb1ff11bcb23e627d2bf252c21c483961896468dd31d0ee,3.13.13
"2,2,2,2",28,4,730,40,2,6,400.0,4001,"0,1,2,3",8ddbf1da444305a57c12cf2b9c60b04f5ffbdd6b,1,964.5,130.0,270.0,0,0,,,2e946b33c5250f1bfeb1ff11bcb23e627d2bf252c21c483961896468dd31d0ee,3.13.13
"2,2,2,2",28,4,730,40,2,6,400.0,4002,"0,1,2,3",8ddbf1da444305a57c12cf2b9c60b04f5ffbdd6b,1,605.5,130.0,270.0,0,0,,,2e946b33c5250f1bfeb1ff11bcb23e627d2bf252c21c483961896468dd31d0ee,3.13.13
"2,2,2,2",28,4,730,40,2,6,400.0,4003,"0,1,2,3",8ddbf1da444305a57c12cf2b9c60b04f5ffbdd6b,1,416.0,140.0,260.0,0,0,,,2e946b33c5250f1bfeb1ff11bcb23e627d2bf252c21c483961896468dd31d0ee,3.13.13
"2,2,2,2",28,4,730,40,2,6,400.0,4004,"0,1,2,3",8ddbf1da444305a57c12cf2b9c60b04f5ffbdd6b,1,1121.25,140.0,260.0,0,0,,,2e946b33c5250f1bfeb1ff11bcb23e627d2bf252c21c483961896468dd31d0ee,3.13.13
"2,2,2,2",28,4,730,40,2,6,400.0,4005,"0,1,2,3",8ddbf1da444305a57c12cf2b9c60b04f5ffbdd6b,1,377.0,130.0,270.0,0,0,,,2e946b33c5250f1bfeb1ff11bcb23e627d2bf252c21c483961896468dd31d0ee,3.13.13
"2,2,2,2",28,4,730,40,2,6,400.0,4006,"0,1,2,3",8ddbf1da444305a57c12cf2b9c60b04f5ffbdd6b,1,596.0,130.0,270.0,0,0,,,2e946b33c5250f1bfeb1ff11bcb23e627d2bf252c21c483961896468dd31d0ee,3.13.13
"2,2,2,2",28,4,730,40,2,6,400.0,4007,"0,1,2,3",8ddbf1da444305a57c12cf2b9c60b04f5ffbdd6b,1,907.25,120.0,280.0,0,0,,,2e946b33c5250f1bfeb1ff11bcb23e627d2bf252c21c483961896468dd31d0ee,3.13.13
"2,2,2,2",28,4,730,40,2,6,400.0,4008,"0,1,2,3",8ddbf1da444305a57c12cf2b9c60b04f5ffbdd6b,1,417.25,120.0,280.0,0,0,,,2e946b33c5250f1bfeb1ff11bcb23e627d2bf252c21c483961896468dd31d0ee,3.13.13
"2,2,2,2",28,4,730,40,2,6,400.0,4009,"0,1,2,3",8ddbf1da444305a57c12cf2b9c60b04f5ffbdd6b,1,860.25,130.0,270.0,0,0,,,2e946b33c5250f1bfeb1ff11bcb23e627d2bf252c21c483961896468dd31d0ee,3.13.13
"2,2,2,2",28,4,730,40,2,6,400.0,4010,"0,1,2,3",8ddbf1da444305a57c12cf2b9c60b04f5ffbdd6b,1,423.5,130.0,270.0,0,0,,,2e946b33c5250f1bfeb1ff11bcb23e627d2bf252c21c483961896468dd31d0ee,3.13.13
"2,2,2,2",28,4,730,40,2,6,400.0,4011,"0,1,2,3",8ddbf1da444305a57c12cf2b9c60b04f5ffbdd6b,1,932.25,130.0,270.0,0,0,,,2e946b33c5250f1bfeb1ff11bcb23e627d2bf252c21c483961896468dd31d0ee,3.13.13
"2,2,2,2",28,4,730,40,2,6,400.0,4012,"0,1,2,3",8ddbf1da444305a57c12cf2b9c60b04f5ffbdd6b,1,515.25,130.0,270.0,0,0,,,2e946b33c5250f1bfeb1ff11bcb23e627d2bf252c21c483961896468dd31d0ee,3.13.13
"2,2,2,2",28,4,730,40,2,6,400.0,4013,"0,1,2,3",8ddbf1da444305a57c12cf2b9c60b04f5ffbdd6b,1,478.25,130.0,270.0,0,0,,,2e946b33c5250f1bfeb1ff11bcb23e627d2bf252c21c483961896468dd31d0ee,3.13.13
"2,2,2,2",28,4,730,40,2,6,400.0,4014,"0,1,2,3",8ddbf1da444305a57c12cf2b9c60b04f5ffbdd6b,1,215.0,120.0,280.0,0,0,,,2e946b33c5250f1bfeb1ff11bcb23e627d2bf252c21c483961896468dd31d0ee,3.13.13
"2,2,2,2",28,4,730,40,2,6,400.0,4015,"0,1,2,3",8ddbf1da444305a57c12cf2b9c60b04f5ffbdd6b,1,640.5,130.0,270.0,0,0,,,2e946b33c5250f1bfeb1ff11bcb23e627d2bf252c21c483961896468dd31d0ee,3.13.13
"2,2,2,2",28,4,730,40,2,6,400.0,4016,"0,1,2,3",8ddbf1da444305a57c12cf2b9c60b04f5ffbdd6b,1,213.0,120.0,280.0,0,0,,,2e946b33c5250f1bfeb1ff11bcb23e627d2bf252c21c483961896468dd31d0ee,3.13.13
"2,2,2,2",28,4,730,40,2,6,400.0,4017,"0,1,2,3",8ddbf1da444305a57c12cf2b9c60b04f5ffbdd6b,1,225.75,120.0,280.0,0,0,,,2e946b33c5250f1bfeb1ff11bcb23e627d2bf252c21c483961896468dd31d0ee,3.13.13
"2,2,2,2",28,4,730,40,2,6,400.0,4018,"0,1,2,3",8ddbf1da444305a57c12cf2b9c60b04f5ffbdd6b,1,256.5,120.0,280.0,0,0,,,2e946b33c5250f1bfeb1ff11bcb23e627d2bf252c21c483961896468dd31d0ee,3.13.13
"2,2,2,2",28,4,730,40,2,6,400.0,4019,"0,1,2,3",8ddbf1da444305a57c12cf2b9c60b04f5ffbdd6b,1,494.25,140.0,260.0,0,0,,,2e946b33c5250f1bfeb1ff11bcb23e627d2bf252c21c483961896468dd31d0ee,3.13.13
"2,2,2,2",28,4,730,40,2,6,400.0,4020,"0,1,2,3",8ddbf1da444305a57c12cf2b9c60b04f5ffbdd6b,1,114.5,120.0,280.0,0,0,,,2e946b33c5250f1bfeb1ff11bcb23e627d2bf252c21c483961896468dd31d0ee,3.13.13
"2,2,2,2",28,4,730,40,2,6,400.0,4021,"0,1,2,3",8ddbf1da444305a57c12cf2b9c60b04f5ffbdd6b,1,498.5,130.0,270.0,0,0,,,2e946b33c5250f1bfeb1ff11bcb23e627d2bf252c21c483961896468dd31d0ee,3.13.13
"2,2,2,2",28,4,730,40,2,6,400.0,4022,"0,1,2,3",8ddbf1da444305a57c12cf2b9c60b04f5ffbdd6b,1,561.75,120.0,280.0,0,0,,,2e946b33c5250f1bfeb1ff11bcb23e627d2bf252c21c483961896468dd31d0ee,3.13.13
"2,2,2,2",28,4,730,40,2,6,400.0,4023,"0,1,2,3",8ddbf1da444305a57c12cf2b9c60b04f5ffbdd6b,1,436.75,120.0,280.0,0,0,,,2e946b33c5250f1bfeb1ff11bcb23e627d2bf252c21c483961896468dd31d0ee,3.13.13
"2,2,2,2",28,4,730,40,2,6,400.0,4024,"0,1,2,3",8ddbf1da444305a57c12cf2b9c60b04f5ffbdd6b,1,1178.0,140.0,260.0,0,0,,,2e946b33c5250f1bfeb1ff11bcb23e627d2bf252c21c483961896468dd31d0ee,3.13.13
"2,2,2,2",28,4,730,40,2,6,400.0,4025,"0,1,2,3",8ddbf1da444305a57c12cf2b9c60b04f5ffbdd6b,1,186.5,130.0,270.0,0,0,,,2e946b33c5250f1bfeb1ff11bcb23e627d2bf252c21c483961896468dd31d0ee,3.13.13
"2,2,2,2",28,4,730,40,2,6,400.0,4026,"0,1,2,3",8ddbf1da444305a57c12cf2b9c60b04f5ffbdd6b,1,429.0,120.0,280.0,0,0,,,2e946b33c5250f1bfeb1ff11bcb23e627d2bf252c21c483961896468dd31d0ee,3.13.13
"2,2,2,2",28,4,730,40,2,6,400.0,4027,"0,1,2,3",8ddbf1da444305a57c12cf2b9c60b04f5ffbdd6b,1,937.0,140.0,260.0,0,0,,,2e946b33c5250f1bfeb1ff11bcb23e627d2bf252c21c483961896468dd31d0ee,3.13.13
"2,2,2,2",28,4,730,40,2,6,400.0,4028,"0,1,2,3",8ddbf1da444305a57c12cf2b9c60b04f5ffbdd6b,1,571.0,130.0,270.0,0,0,,,2e946b33c5250f1bfeb1ff11bcb23e627d2bf252c21c483961896468dd31d0ee,3.13.13
"2,2,2,2",28,4,730,40,2,6,400.0,4029,"0,1,2,3",8ddbf1da444305a57c12cf2b9c60b04f5ffbdd6b,1,543.5,120.0,280.0,0,0,,,2e946b33c5250f1bfeb1ff11bcb23e627d2bf252c21c483961896468dd31d0ee,3.13.13
"2,2,2,2",28,4,730,40,2,6,400.0,4030,"0,1,2,3",8ddbf1da444305a57c12cf2b9c60b04f5ffbdd6b,1,467.25,130.0,270.0,0,0,,,2e946b33c5250f1bfeb1ff11bcb23e627d2bf252c21c483961896468dd31d0ee,3.13.13
"2,2,2,2",28,4,730,10,1,6,120.0,4001,"0,1,2,3",8ddbf1da444305a57c12cf2b9c60b04f5ffbdd6b,1,579.0,120.0,0.0,0,0,,723,2e946b33c5250f1bfeb1ff11bcb23e627d2bf252c21c483961896468dd31d0ee,3.13.13
"2,2,2,2",28,4,730,10,1,6,120.0,4002,"0,1,2,3",8ddbf1da444305a57c12cf2b9c60b04f5ffbdd6b,1,122.5,120.0,0.0,0,0,,,2e946b33c5250f1bfeb1ff11bcb23e627d2bf252c21c483961896468dd31d0ee,3.13.13
"2,2,2,2",28,4,730,10,1,6,120.0,4003,"0,1,2,3",8ddbf1da444305a57c12cf2b9c60b04f5ffbdd6b,1,319.5,120.0,0.0,0,0,,,2e946b33c5250f1bfeb1ff11bcb23e627d2bf252c21c483961896468dd31d0ee,3.13.13
"2,2,2,2",28,4,730,10,1,6,120.0,4004,"0,1,2,3",8ddbf1da444305a57c12cf2b9c60b04f5ffbdd6b,1,566.25,120.0,0.0,0,0,,,2e946b33c5250f1bfeb1ff11bcb23e627d2bf252c21c483961896468dd31d0ee,3.13.13
"2,2,2,2",28,4,730,10,1,6,120.0,4005,"0,1,2,3",8ddbf1da444305a57c12cf2b9c60b04f5ffbdd6b,1,552.0,120.0,0.0,0,0,,,2e946b33c5250f1bfeb1ff11bcb23e627d2bf252c21c483961896468dd31d0ee,3.13.13
"2,2,2,2",28,4,730,10,1,6,120.0,4006,"0,1,2,3",8ddbf1da444305a57c12cf2b9c60b04f5ffbdd6b,1,153.5,120.0,0.0,0,0,,729,2e946b33c5250f1bfeb1ff11bcb23e627d2bf252c21c483961896468dd31d0ee,3.13.13
"2,2,2,2",28,4,730,10,1,6,120.0,4007,"0,1,2,3",8ddbf1da444305a57c12cf2b9c60b04f5ffbdd6b,1,573.5,120.0,0.0,0,0,,,2e946b33c5250f1bfeb1ff11bcb23e627d2bf252c21c483961896468dd31d0ee,3.13.13
"2,2,2,2",28,4,730,10,1,6,120.0,4008,"0,1,2,3",8ddbf1da444305a57c12cf2b9c60b04f5ffbdd6b,1,273.0,120.0,0.0,0,0,,,2e946b33c5250f1bfeb1ff11bcb23e627d2bf252c21c483961896468dd31d0ee,3.13.13
"2,2,2,2",28,4,730,10,1,6,120.0,4009,"0,1,2,3",8ddbf1da444305a57c12cf2b9c60b04f5ffbdd6b,1,451.25,120.0,0.0,0,0,,,2e946b33c5250f1bfeb1ff11bcb23e627d2bf252c21c483961896468dd31d0ee,3.13.13
"2,2,2,2",28,4,730,10,1,6,120.0,4010,"0,1,2,3",8ddbf1da444305a57c12cf2b9c60b04f5ffbdd6b,1,265.75,110.0,10.0,0,0,,,2e946b33c5250f1bfeb1ff11bcb23e627d2bf252c21c483961896468dd31d0ee,3.13.13
"2,2,2,2",28,4,730,10,1,6,120.0,4011,"0,1,2,3",8ddbf1da444305a57c12cf2b9c60b04f5ffbdd6b,1,713.0,120.0,0.0,0,0,,,2e946b33c5250f1bfeb1ff11bcb23e627d2bf252c21c483961896468dd31d0ee,3.13.13
"2,2,2,2",28,4,730,10,1,6,120.0,4012,"0,1,2,3",8ddbf1da444305a57c12cf2b9c60b04f5ffbdd6b,1,652.25,120.0,0.0,0,0,,,2e946b33c5250f1bfeb1ff11bcb23e627d2bf252c21c483961896468dd31d0ee,3.13.13
"2,2,2,2",28,4,730,10,1,6,120.0,4013,"0,1,2,3",8ddbf1da444305a57c12cf2b9c60b04f5ffbdd6b,1,410.25,110.0,10.0,0,0,,,2e946b33c5250f1bfeb1ff11bcb23e627d2bf252c21c483961896468dd31d0ee,3.13.13
"2,2,2,2",28,4,730,10,1,6,120.0,4014,"0,1,2,3",8ddbf1da444305a57c12cf2b9c60b04f5ffbdd6b,1,137.5,120.0,0.0,0,0,,,2e946b33c5250f1bfeb1ff11bcb23e627d2bf252c21c483961896468dd31d0ee,3.13.13
"2,2,2,2",28,4,730,10,1,6,120.0,4015,"0,1,2,3",8ddbf1da444305a57c12cf2b9c60b04f5ffbdd6b,1,275.25,120.0,0.0,0,0,,,2e946b33c5250f1bfeb1ff11bcb23e627d2bf252c21c483961896468dd31d0ee,3.13.13
"2,2,2,2",28,4,730,10,1,6,120.0,4016,"0,1,2,3",8ddbf1da444305a57c12cf2b9c60b04f5ffbdd6b,1,482.5,120.0,0.0,0,0,,,2e946b33c5250f1bfeb1ff11bcb23e627d2bf252c21c483961896468dd31d0ee,3.13.13
"2,2,2,2",28,4,730,10,1,6,120.0,4017,"0,1,2,3",8ddbf1da444305a57c12cf2b9c60b04f5ffbdd6b,1,263.75,120.0,0.0,0,0,,,2e946b33c5250f1bfeb1ff11bcb23e627d2bf252c21c483961896468dd31d0ee,3.13.13
"2,2,2,2",28,4,730,10,1,6,120.0,4018,"0,1,2,3",8ddbf1da444305a57c12cf2b9c60b04f5ffbdd6b,1,546.5,120.0,0.0,0,0,,,2e946b33c5250f1bfeb1ff11bcb23e627d2bf252c21c483961896468dd31d0ee,3.13.13
"2,2,2,2",28,4,730,10,1,6,120.0,4019,"0,1,2,3",8ddbf1da444305a57c12cf2b9c60b04f5ffbdd6b,1,583.0,120.0,0.0,0,0,,,2e946b33c5250f1bfeb1ff11bcb23e627d2bf252c21c483961896468dd31d0ee,3.13.13
"2,2,2,2",28,4,730,10,1,6,120.0,4020,"0,1,2,3",8ddbf1da444305a57c12cf2b9c60b04f5ffbdd6b,1,330.25,120.0,0.0,0,0,,718,2e946b33c5250f1bfeb1ff11bcb23e627d2bf252c21c483961896468dd31d0ee,3.13.13
"2,2,2,2",28,4,730,10,1,6,120.0,4021,"0,1,2,3",8ddbf1da444305a57c12cf2b9c60b04f5ffbdd6b,1,141.0,120.0,0.0,0,0,,,2e946b33c5250f1bfeb1ff11bcb23e627d2bf252c21c483961896468dd31d0ee,3.13.13
"2,2,2,2",28,4,730,10,1,6,120.0,4022,"0,1,2,3",8ddbf1da444305a57c12cf2b9c60b04f5ffbdd6b,1,410.0,120.0,0.0,0,0,,,2e946b33c5250f1bfeb1ff11bcb23e627d2bf252c21c483961896468dd31d0ee,3.13.13
"2,2,2,2",28,4,730,10,1,6,120.0,4023,"0,1,2,3",8ddbf1da444305a57c12cf2b9c60b04f5ffbdd6b,1,716.75,120.0,0.0,0,0,,,2e946b33c5250f1bfeb1ff11bcb23e627d2bf252c21c483961896468dd31d0ee,3.13.13
"2,2,2,2",28,4,730,10,1,6,120.0,4024,"0,1,2,3",8ddbf1da444305a57c12cf2b9c60b04f5ffbdd6b,1,778.0,120.0,0.0,0,0,,,2e946b33c5250f1bfeb1ff11bcb23e627d2bf252c21c483961896468dd31d0ee,3.13.13
"2,2,2,2",28,4,730,10,1,6,120.0,4025,"0,1,2,3",8ddbf1da444305a57c12cf2b9c60b04f5ffbdd6b,1,886.75,120.0,0.0,0,0,,729,2e946b33c5250f1bfeb1ff11bcb23e627d2bf252c21c483961896468dd31d0ee,3.13.13
"2,2,2,2",28,4,730,10,1,6,120.0,4026,"0,1,2,3",8ddbf1da444305a57c12cf2b9c60b04f5ffbdd6b,1,262.25,120.0,0.0,0,0,,,2e946b33c5250f1bfeb1ff11bcb23e627d2bf252c21c483961896468dd31d0ee,3.13.13
"2,2,2,2",28,4,730,10,1,6,120.0,4027,"0,1,2,3",8ddbf1da444305a57c12cf2b9c60b04f5ffbdd6b,1,156.5,120.0,0.0,0,0,,,2e946b33c5250f1bfeb1ff11bcb23e627d2bf252c21c483961896468dd31d0ee,3.13.13
"2,2,2,2",28,4,730,10,1,6,120.0,4028,"0,1,2,3",8ddbf1da444305a57c12cf2b9c60b04f5ffbdd6b,1,834.25,120.0,0.0,0,0,,,2e946b33c5250f1bfeb1ff11bcb23e627d2bf252c21c483961896468dd31d0ee,3.13.13
"2,2,2,2",28,4,730,10,1,6,120.0,4029,"0,1,2,3",8ddbf1da444305a57c12cf2b9c60b04f5ffbdd6b,1,351.75,120.0,0.0,0,0,,722,2e946b33c5250f1bfeb1ff11bcb23e627d2bf252c21c483961896468dd31d0ee,3.13.13
"2,2,2,2",28,4,730,10,1,6,120.0,4030,"0,1,2,3",8ddbf1da444305a57c12cf2b9c60b04f5ffbdd6b,1,827.75,120.0,0.0,0,0,,714,2e946b33c5250f1bfeb1ff11bcb23e627d2bf252c21c483961896468dd31d0ee,3.13.13
"2,2,2,2",28,4,730,10,1,6,400.0,4001,"0,1,2,3",8ddbf1da444305a57c12cf2b9c60b04f5ffbdd6b,1,20.5,120.0,280.0,0,0,,,2e946b33c5250f1bfeb1ff11bcb23e627d2bf252c21c483961896468dd31d0ee,3.13.13
"2,2,2,2",28,4,730,10,1,6,400.0,4002,"0,1,2,3",8ddbf1da444305a57c12cf2b9c60b04f5ffbdd6b,1,18.75,120.0,280.0,0,0,,,2e946b33c5250f1bfeb1ff11bcb23e627d2bf252c21c483961896468dd31d0ee,3.13.13
"2,2,2,2",28,4,730,10,1,6,400.0,4003,"0,1,2,3",8ddbf1da444305a57c12cf2b9c60b04f5ffbdd6b,1,23.0,120.0,280.0,0,0,,,2e946b33c5250f1bfeb1ff11bcb23e627d2bf252c21c483961896468dd31d0ee,3.13.13
"2,2,2,2",28,4,730,10,1,6,400.0,4004,"0,1,2,3",8ddbf1da444305a57c12cf2b9c60b04f5ffbdd6b,1,330.75,140.0,260.0,0,0,,,2e946b33c5250f1bfeb1ff11bcb23e627d2bf252c21c483961896468dd31d0ee,3.13.13
"2,2,2,2",28,4,730,10,1,6,400.0,4005,"0,1,2,3",8ddbf1da444305a57c12cf2b9c60b04f5ffbdd6b,1,4.0,120.0,280.0,0,0,,,2e946b33c5250f1bfeb1ff11bcb23e627d2bf252c21c483961896468dd31d0ee,3.13.13
"2,2,2,2",28,4,730,10,1,6,400.0,4006,"0,1,2,3",8ddbf1da444305a57c12cf2b9c60b04f5ffbdd6b,1,0.0,120.0,280.0,0,0,,,2e946b33c5250f1bfeb1ff11bcb23e627d2bf252c21c483961896468dd31d0ee,3.13.13
"2,2,2,2",28,4,730,10,1,6,400.0,4007,"0,1,2,3",8ddbf1da444305a57c12cf2b9c60b04f5ffbdd6b,1,31.25,120.0,280.0,0,0,,,2e946b33c5250f1bfeb1ff11bcb23e627d2bf252c21c483961896468dd31d0ee,3.13.13
"2,2,2,2",28,4,730,10,1,6,400.0,4008,"0,1,2,3",8ddbf1da444305a57c12cf2b9c60b04f5ffbdd6b,1,91.5,140.0,260.0,0,0,,,2e946b33c5250f1bfeb1ff11bcb23e627d2bf252c21c483961896468dd31d0ee,3.13.13
"2,2,2,2",28,4,730,10,1,6,400.0,4009,"0,1,2,3",8ddbf1da444305a57c12cf2b9c60b04f5ffbdd6b,1,18.0,120.0,280.0,0,0,,,2e946b33c5250f1bfeb1ff11bcb23e627d2bf252c21c483961896468dd31d0ee,3.13.13
"2,2,2,2",28,4,730,10,1,6,400.0,4010,"0,1,2,3",8ddbf1da444305a57c12cf2b9c60b04f5ffbdd6b,1,123.0,120.0,280.0,0,0,,,2e946b33c5250f1bfeb1ff11bcb23e627d2bf252c21c483961896468dd31d0ee,3.13.13
"2,2,2,2",28,4,730,10,1,6,400.0,4011,"0,1,2,3",8ddbf1da444305a57c12cf2b9c60b04f5ffbdd6b,1,55.0,120.0,280.0,0,0,,,2e946b33c5250f1bfeb1ff11bcb23e627d2bf252c21c483961896468dd31d0ee,3.13.13
"2,2,2,2",28,4,730,10,1,6,400.0,4012,"0,1,2,3",8ddbf1da444305a57c12cf2b9c60b04f5ffbdd6b,1,4.0,120.0,280.0,0,0,,,2e946b33c5250f1bfeb1ff11bcb23e627d2bf252c21c483961896468dd31d0ee,3.13.13
"2,2,2,2",28,4,730,10,1,6,400.0,4013,"0,1,2,3",8ddbf1da444305a57c12cf2b9c60b04f5ffbdd6b,1,36.5,120.0,280.0,0,0,,,2e946b33c5250f1bfeb1ff11bcb23e627d2bf252c21c483961896468dd31d0ee,3.13.13
"2,2,2,2",28,4,730,10,1,6,400.0,4014,"0,1,2,3",8ddbf1da444305a57c12cf2b9c60b04f5ffbdd6b,1,130.75,120.0,280.0,0,0,,,2e946b33c5250f1bfeb1ff11bcb23e627d2bf252c21c483961896468dd31d0ee,3.13.13
"2,2,2,2",28,4,730,10,1,6,400.0,4015,"0,1,2,3",8ddbf1da444305a57c12cf2b9c60b04f5ffbdd6b,1,68.75,120.0,280.0,0,0,,,2e946b33c5250f1bfeb1ff11bcb23e627d2bf252c21c483961896468dd31d0ee,3.13.13
"2,2,2,2",28,4,730,10,1,6,400.0,4016,"0,1,2,3",8ddbf1da444305a57c12cf2b9c60b04f5ffbdd6b,1,88.0,120.0,280.0,0,0,,,2e946b33c5250f1bfeb1ff11bcb23e627d2bf252c21c483961896468dd31d0ee,3.13.13
"2,2,2,2",28,4,730,10,1,6,400.0,4017,"0,1,2,3",8ddbf1da444305a57c12cf2b9c60b04f5ffbdd6b,1,103.25,120.0,280.0,0,0,,,2e946b33c5250f1bfeb1ff11bcb23e627d2bf252c21c483961896468dd31d0ee,3.13.13
"2,2,2,2",28,4,730,10,1,6,400.0,4018,"0,1,2,3",8ddbf1da444305a57c12cf2b9c60b04f5ffbdd6b,1,15.0,120.0,280.0,0,0,,,2e946b33c5250f1bfeb1ff11bcb23e627d2bf252c21c483961896468dd31d0ee,3.13.13
"2,2,2,2",28,4,730,10,1,6,400.0,4019,"0,1,2,3",8ddbf1da444305a57c12cf2b9c60b04f5ffbdd6b,1,21.75,120.0,280.0,0,0,,,2e946b33c5250f1bfeb1ff11bcb23e627d2bf252c21c483961896468dd31d0ee,3.13.13
"2,2,2,2",28,4,730,10,1,6,400.0,4020,"0,1,2,3",8ddbf1da444305a57c12cf2b9c60b04f5ffbdd6b,1,2.0,120.0,280.0,0,0,,,2e946b33c5250f1bfeb1ff11bcb23e627d2bf252c21c483961896468dd31d0ee,3.13.13
"2,2,2,2",28,4,730,10,1,6,400.0,4021,"0,1,2,3",8ddbf1da444305a57c12cf2b9c60b04f5ffbdd6b,1,9.5,120.0,280.0,0,0,,,2e946b33c5250f1bfeb1ff11bcb23e627d2bf252c21c483961896468dd31d0ee,3.13.13
"2,2,2,2",28,4,730,10,1,6,400.0,4022,"0,1,2,3",8ddbf1da444305a57c12cf2b9c60b04f5ffbdd6b,1,11.0,120.0,280.0,0,0,,,2e946b33c5250f1bfeb1ff11bcb23e627d2bf252c21c483961896468dd31d0ee,3.13.13
"2,2,2,2",28,4,730,10,1,6,400.0,4023,"0,1,2,3",8ddbf1da444305a57c12cf2b9c60b04f5ffbdd6b,1,0.0,120.0,280.0,0,0,,,2e946b33c5250f1bfeb1ff11bcb23e627d2bf252c21c483961896468dd31d0ee,3.13.13
"2,2,2,2",28,4,730,10,1,6,400.0,4024,"0,1,2,3",8ddbf1da444305a57c12cf2b9c60b04f5ffbdd6b,1,38.25,120.0,280.0,0,0,,,2e946b33c5250f1bfeb1ff11bcb23e627d2bf252c21c483961896468dd31d0ee,3.13.13
"2,2,2,2",28,4,730,10,1,6,400.0,4025,"0,1,2,3",8ddbf1da444305a57c12cf2b9c60b04f5ffbdd6b,1,117.75,130.0,270.0,0,0,,,2e946b33c5250f1bfeb1ff11bcb23e627d2bf252c21c483961896468dd31d0ee,3.13.13
"2,2,2,2",28,4,730,10,1,6,400.0,4026,"0,1,2,3",8ddbf1da444305a57c12cf2b9c60b04f5ffbdd6b,1,5.5,120.0,280.0,0,0,,,2e946b33c5250f1bfeb1ff11bcb23e627d2bf252c21c483961896468dd31d0ee,3.13.13
"2,2,2,2",28,4,730,10,1,6,400.0,4027,"0,1,2,3",8ddbf1da444305a57c12cf2b9c60b04f5ffbdd6b,1,0.0,120.0,280.0,0,0,,,2e946b33c5250f1bfeb1ff11bcb23e627d2bf252c21c483961896468dd31d0ee,3.13.13
"2,2,2,2",28,4,730,10,1,6,400.0,4028,"0,1,2,3",8ddbf1da444305a57c12cf2b9c60b04f5ffbdd6b,1,10.5,120.0,280.0,0,0,,,2e946b33c5250f1bfeb1ff11bcb23e627d2bf252c21c483961896468dd31d0ee,3.13.13
"2,2,2,2",28,4,730,10,1,6,400.0,4029,"0,1,2,3",8ddbf1da444305a57c12cf2b9c60b04f5ffbdd6b,1,76.5,120.0,280.0,0,0,,,2e946b33c5250f1bfeb1ff11bcb23e627d2bf252c21c483961896468dd31d0ee,3.13.13
"2,2,2,2",28,4,730,10,1,6,400.0,4030,"0,1,2,3",8ddbf1da444305a57c12cf2b9c60b04f5ffbdd6b,1,80.0,120.0,280.0,0,0,,,2e946b33c5250f1bfeb1ff11bcb23e627d2bf252c21c483961896468dd31d0ee,3.13.13
"2,2,2,2",28,4,730,10,2,6,120.0,4001,"0,1,2,3",8ddbf1da444305a57c12cf2b9c60b04f5ffbdd6b,1,579.0,120.0,0.0,0,0,,723,2e946b33c5250f1bfeb1ff11bcb23e627d2bf252c21c483961896468dd31d0ee,3.13.13
"2,2,2,2",28,4,730,10,2,6,120.0,4002,"0,1,2,3",8ddbf1da444305a57c12cf2b9c60b04f5ffbdd6b,1,122.5,120.0,0.0,0,0,,,2e946b33c5250f1bfeb1ff11bcb23e627d2bf252c21c483961896468dd31d0ee,3.13.13
"2,2,2,2",28,4,730,10,2,6,120.0,4003,"0,1,2,3",8ddbf1da444305a57c12cf2b9c60b04f5ffbdd6b,1,463.5,120.0,0.0,0,0,,720,2e946b33c5250f1bfeb1ff11bcb23e627d2bf252c21c483961896468dd31d0ee,3.13.13
"2,2,2,2",28,4,730,10,2,6,120.0,4004,"0,1,2,3",8ddbf1da444305a57c12cf2b9c60b04f5ffbdd6b,1,566.25,120.0,0.0,0,0,,,2e946b33c5250f1bfeb1ff11bcb23e627d2bf252c21c483961896468dd31d0ee,3.13.13
"2,2,2,2",28,4,730,10,2,6,120.0,4005,"0,1,2,3",8ddbf1da444305a57c12cf2b9c60b04f5ffbdd6b,1,432.0,120.0,0.0,0,0,,,2e946b33c5250f1bfeb1ff11bcb23e627d2bf252c21c483961896468dd31d0ee,3.13.13
"2,2,2,2",28,4,730,10,2,6,120.0,4006,"0,1,2,3",8ddbf1da444305a57c12cf2b9c60b04f5ffbdd6b,1,348.25,120.0,0.0,0,0,,,2e946b33c5250f1bfeb1ff11bcb23e627d2bf252c21c483961896468dd31d0ee,3.13.13
"2,2,2,2",28,4,730,10,2,6,120.0,4007,"0,1,2,3",8ddbf1da444305a57c12cf2b9c60b04f5ffbdd6b,1,1093.25,120.0,0.0,0,0,,,2e946b33c5250f1bfeb1ff11bcb23e627d2bf252c21c483961896468dd31d0ee,3.13.13
"2,2,2,2",28,4,730,10,2,6,120.0,4008,"0,1,2,3",8ddbf1da444305a57c12cf2b9c60b04f5ffbdd6b,1,273.0,120.0,0.0,0,0,,,2e946b33c5250f1bfeb1ff11bcb23e627d2bf252c21c483961896468dd31d0ee,3.13.13
"2,2,2,2",28,4,730,10,2,6,120.0,4009,"0,1,2,3",8ddbf1da444305a57c12cf2b9c60b04f5ffbdd6b,1,175.5,120.0,0.0,0,0,,,2e946b33c5250f1bfeb1ff11bcb23e627d2bf252c21c483961896468dd31d0ee,3.13.13
"2,2,2,2",28,4,730,10,2,6,120.0,4010,"0,1,2,3",8ddbf1da444305a57c12cf2b9c60b04f5ffbdd6b,1,221.75,120.0,0.0,0,0,,,2e946b33c5250f1bfeb1ff11bcb23e627d2bf252c21c483961896468dd31d0ee,3.13.13
"2,2,2,2",28,4,730,10,2,6,120.0,4011,"0,1,2,3",8ddbf1da444305a57c12cf2b9c60b04f5ffbdd6b,1,713.0,120.0,0.0,0,0,,,2e946b33c5250f1bfeb1ff11bcb23e627d2bf252c21c483961896468dd31d0ee,3.13.13
"2,2,2,2",28,4,730,10,2,6,120.0,4012,"0,1,2,3",8ddbf1da444305a57c12cf2b9c60b04f5ffbdd6b,1,687.75,120.0,0.0,0,0,,,2e946b33c5250f1bfeb1ff11bcb23e627d2bf252c21c483961896468dd31d0ee,3.13.13
"2,2,2,2",28,4,730,10,2,6,120.0,4013,"0,1,2,3",8ddbf1da444305a57c12cf2b9c60b04f5ffbdd6b,1,410.25,110.0,10.0,0,0,,,2e946b33c5250f1bfeb1ff11bcb23e627d2bf252c21c483961896468dd31d0ee,3.13.13
"2,2,2,2",28,4,730,10,2,6,120.0,4014,"0,1,2,3",8ddbf1da444305a57c12cf2b9c60b04f5ffbdd6b,1,91.5,110.0,10.0,0,0,,,2e946b33c5250f1bfeb1ff11bcb23e627d2bf252c21c483961896468dd31d0ee,3.13.13
"2,2,2,2",28,4,730,10,2,6,120.0,4015,"0,1,2,3",8ddbf1da444305a57c12cf2b9c60b04f5ffbdd6b,1,275.25,120.0,0.0,0,0,,,2e946b33c5250f1bfeb1ff11bcb23e627d2bf252c21c483961896468dd31d0ee,3.13.13
"2,2,2,2",28,4,730,10,2,6,120.0,4016,"0,1,2,3",8ddbf1da444305a57c12cf2b9c60b04f5ffbdd6b,1,390.75,110.0,10.0,0,0,,,2e946b33c5250f1bfeb1ff11bcb23e627d2bf252c21c483961896468dd31d0ee,3.13.13
"2,2,2,2",28,4,730,10,2,6,120.0,4017,"0,1,2,3",8ddbf1da444305a57c12cf2b9c60b04f5ffbdd6b,1,263.75,120.0,0.0,0,0,,,2e946b33c5250f1bfeb1ff11bcb23e627d2bf252c21c483961896468dd31d0ee,3.13.13
"2,2,2,2",28,4,730,10,2,6,120.0,4018,"0,1,2,3",8ddbf1da444305a57c12cf2b9c60b04f5ffbdd6b,1,546.5,120.0,0.0,0,0,,,2e946b33c5250f1bfeb1ff11bcb23e627d2bf252c21c483961896468dd31d0ee,3.13.13
"2,2,2,2",28,4,730,10,2,6,120.0,4019,"0,1,2,3",8ddbf1da444305a57c12cf2b9c60b04f5ffbdd6b,1,365.5,120.0,0.0,0,0,,,2e946b33c5250f1bfeb1ff11bcb23e627d2bf252c21c483961896468dd31d0ee,3.13.13
"2,2,2,2",28,4,730,10,2,6,120.0,4020,"0,1,2,3",8ddbf1da444305a57c12cf2b9c60b04f5ffbdd6b,1,330.25,120.0,0.0,0,0,,718,2e946b33c5250f1bfeb1ff11bcb23e627d2bf252c21c483961896468dd31d0ee,3.13.13
"2,2,2,2",28,4,730,10,2,6,120.0,4021,"0,1,2,3",8ddbf1da444305a57c12cf2b9c60b04f5ffbdd6b,1,141.0,120.0,0.0,0,0,,,2e946b33c5250f1bfeb1ff11bcb23e627d2bf252c21c483961896468dd31d0ee,3.13.13
"2,2,2,2",28,4,730,10,2,6,120.0,4022,"0,1,2,3",8ddbf1da444305a57c12cf2b9c60b04f5ffbdd6b,1,1030.5,120.0,0.0,0,0,,,2e946b33c5250f1bfeb1ff11bcb23e627d2bf252c21c483961896468dd31d0ee,3.13.13
"2,2,2,2",28,4,730,10,2,6,120.0,4023,"0,1,2,3",8ddbf1da444305a57c12cf2b9c60b04f5ffbdd6b,1,716.75,120.0,0.0,0,0,,,2e946b33c5250f1bfeb1ff11bcb23e627d2bf252c21c483961896468dd31d0ee,3.13.13
"2,2,2,2",28,4,730,10,2,6,120.0,4024,"0,1,2,3",8ddbf1da444305a57c12cf2b9c60b04f5ffbdd6b,1,522.25,120.0,0.0,0,0,,726,2e946b33c5250f1bfeb1ff11bcb23e627d2bf252c21c483961896468dd31d0ee,3.13.13
"2,2,2,2",28,4,730,10,2,6,120.0,4025,"0,1,2,3",8ddbf1da444305a57c12cf2b9c60b04f5ffbdd6b,1,562.5,120.0,0.0,0,0,,,2e946b33c5250f1bfeb1ff11bcb23e627d2bf252c21c483961896468dd31d0ee,3.13.13
"2,2,2,2",28,4,730,10,2,6,120.0,4026,"0,1,2,3",8ddbf1da444305a57c12cf2b9c60b04f5ffbdd6b,1,262.25,120.0,0.0,0,0,,,2e946b33c5250f1bfeb1ff11bcb23e627d2bf252c21c483961896468dd31d0ee,3.13.13
"2,2,2,2",28,4,730,10,2,6,120.0,4027,"0,1,2,3",8ddbf1da444305a57c12cf2b9c60b04f5ffbdd6b,1,156.5,120.0,0.0,0,0,,,2e946b33c5250f1bfeb1ff11bcb23e627d2bf252c21c483961896468dd31d0ee,3.13.13
"2,2,2,2",28,4,730,10,2,6,120.0,4028,"0,1,2,3",8ddbf1da444305a57c12cf2b9c60b04f5ffbdd6b,1,834.25,120.0,0.0,0,0,,,2e946b33c5250f1bfeb1ff11bcb23e627d2bf252c21c483961896468dd31d0ee,3.13.13
"2,2,2,2",28,4,730,10,2,6,120.0,4029,"0,1,2,3",8ddbf1da444305a57c12cf2b9c60b04f5ffbdd6b,1,351.75,120.0,0.0,0,0,,722,2e946b33c5250f1bfeb1ff11bcb23e627d2bf252c21c483961896468dd31d0ee,3.13.13
"2,2,2,2",28,4,730,10,2,6,120.0,4030,"0,1,2,3",8ddbf1da444305a57c12cf2b9c60b04f5ffbdd6b,1,910.25,120.0,0.0,0,0,,,2e946b33c5250f1bfeb1ff11bcb23e627d2bf252c21c483961896468dd31d0ee,3.13.13
"2,2,2,2",28,4,730,10,2,6,400.0,4001,"0,1,2,3",8ddbf1da444305a57c12cf2b9c60b04f5ffbdd6b,1,20.5,120.0,280.0,0,0,,,2e946b33c5250f1bfeb1ff11bcb23e627d2bf252c21c483961896468dd31d0ee,3.13.13
"2,2,2,2",28,4,730,10,2,6,400.0,4002,"0,1,2,3",8ddbf1da444305a57c12cf2b9c60b04f5ffbdd6b,1,66.5,120.0,280.0,0,0,,,2e946b33c5250f1bfeb1ff11bcb23e627d2bf252c21c483961896468dd31d0ee,3.13.13
"2,2,2,2",28,4,730,10,2,6,400.0,4003,"0,1,2,3",8ddbf1da444305a57c12cf2b9c60b04f5ffbdd6b,1,32.0,120.0,280.0,0,0,,,2e946b33c5250f1bfeb1ff11bcb23e627d2bf252c21c483961896468dd31d0ee,3.13.13
"2,2,2,2",28,4,730,10,2,6,400.0,4004,"0,1,2,3",8ddbf1da444305a57c12cf2b9c60b04f5ffbdd6b,1,178.75,120.0,280.0,0,0,,,2e946b33c5250f1bfeb1ff11bcb23e627d2bf252c21c483961896468dd31d0ee,3.13.13
"2,2,2,2",28,4,730,10,2,6,400.0,4005,"0,1,2,3",8ddbf1da444305a57c12cf2b9c60b04f5ffbdd6b,1,4.0,120.0,280.0,0,0,,,2e946b33c5250f1bfeb1ff11bcb23e627d2bf252c21c483961896468dd31d0ee,3.13.13
"2,2,2,2",28,4,730,10,2,6,400.0,4006,"0,1,2,3",8ddbf1da444305a57c12cf2b9c60b04f5ffbdd6b,1,59.25,120.0,280.0,0,0,,,2e946b33c5250f1bfeb1ff11bcb23e627d2bf252c21c483961896468dd31d0ee,3.13.13
"2,2,2,2",28,4,730,10,2,6,400.0,4007,"0,1,2,3",8ddbf1da444305a57c12cf2b9c60b04f5ffbdd6b,1,31.25,120.0,280.0,0,0,,,2e946b33c5250f1bfeb1ff11bcb23e627d2bf252c21c483961896468dd31d0ee,3.13.13
"2,2,2,2",28,4,730,10,2,6,400.0,4008,"0,1,2,3",8ddbf1da444305a57c12cf2b9c60b04f5ffbdd6b,1,84.5,140.0,260.0,0,0,,,2e946b33c5250f1bfeb1ff11bcb23e627d2bf252c21c483961896468dd31d0ee,3.13.13
"2,2,2,2",28,4,730,10,2,6,400.0,4009,"0,1,2,3",8ddbf1da444305a57c12cf2b9c60b04f5ffbdd6b,1,46.5,120.0,280.0,0,0,,,2e946b33c5250f1bfeb1ff11bcb23e627d2bf252c21c483961896468dd31d0ee,3.13.13
"2,2,2,2",28,4,730,10,2,6,400.0,4010,"0,1,2,3",8ddbf1da444305a57c12cf2b9c60b04f5ffbdd6b,1,123.0,120.0,280.0,0,0,,,2e946b33c5250f1bfeb1ff11bcb23e627d2bf252c21c483961896468dd31d0ee,3.13.13
"2,2,2,2",28,4,730,10,2,6,400.0,4011,"0,1,2,3",8ddbf1da444305a57c12cf2b9c60b04f5ffbdd6b,1,55.0,120.0,280.0,0,0,,,2e946b33c5250f1bfeb1ff11bcb23e627d2bf252c21c483961896468dd31d0ee,3.13.13
"2,2,2,2",28,4,730,10,2,6,400.0,4012,"0,1,2,3",8ddbf1da444305a57c12cf2b9c60b04f5ffbdd6b,1,4.0,120.0,280.0,0,0,,,2e946b33c5250f1bfeb1ff11bcb23e627d2bf252c21c483961896468dd31d0ee,3.13.13
"2,2,2,2",28,4,730,10,2,6,400.0,4013,"0,1,2,3",8ddbf1da444305a57c12cf2b9c60b04f5ffbdd6b,1,501.75,140.0,260.0,0,0,,,2e946b33c5250f1bfeb1ff11bcb23e627d2bf252c21c483961896468dd31d0ee,3.13.13
"2,2,2,2",28,4,730,10,2,6,400.0,4014,"0,1,2,3",8ddbf1da444305a57c12cf2b9c60b04f5ffbdd6b,1,5.5,120.0,280.0,0,0,,,2e946b33c5250f1bfeb1ff11bcb23e627d2bf252c21c483961896468dd31d0ee,3.13.13
"2,2,2,2",28,4,730,10,2,6,400.0,4015,"0,1,2,3",8ddbf1da444305a57c12cf2b9c60b04f5ffbdd6b,1,68.75,120.0,280.0,0,0,,,2e946b33c5250f1bfeb1ff11bcb23e627d2bf252c21c483961896468dd31d0ee,3.13.13
"2,2,2,2",28,4,730,10,2,6,400.0,4016,"0,1,2,3",8ddbf1da444305a57c12cf2b9c60b04f5ffbdd6b,1,15.5,120.0,280.0,0,0,,,2e946b33c5250f1bfeb1ff11bcb23e627d2bf252c21c483961896468dd31d0ee,3.13.13
"2,2,2,2",28,4,730,10,2,6,400.0,4017,"0,1,2,3",8ddbf1da444305a57c12cf2b9c60b04f5ffbdd6b,1,0.0,120.0,280.0,0,0,,,2e946b33c5250f1bfeb1ff11bcb23e627d2bf252c21c483961896468dd31d0ee,3.13.13
"2,2,2,2",28,4,730,10,2,6,400.0,4018,"0,1,2,3",8ddbf1da444305a57c12cf2b9c60b04f5ffbdd6b,1,22.5,120.0,280.0,0,0,,,2e946b33c5250f1bfeb1ff11bcb23e627d2bf252c21c483961896468dd31d0ee,3.13.13
"2,2,2,2",28,4,730,10,2,6,400.0,4019,"0,1,2,3",8ddbf1da444305a57c12cf2b9c60b04f5ffbdd6b,1,21.75,120.0,280.0,0,0,,,2e946b33c5250f1bfeb1ff11bcb23e627d2bf252c21c483961896468dd31d0ee,3.13.13
"2,2,2,2",28,4,730,10,2,6,400.0,4020,"0,1,2,3",8ddbf1da444305a57c12cf2b9c60b04f5ffbdd6b,1,2.0,120.0,280.0,0,0,,,2e946b33c5250f1bfeb1ff11bcb23e627d2bf252c21c483961896468dd31d0ee,3.13.13
"2,2,2,2",28,4,730,10,2,6,400.0,4021,"0,1,2,3",8ddbf1da444305a57c12cf2b9c60b04f5ffbdd6b,1,5.25,120.0,280.0,0,0,,,2e946b33c5250f1bfeb1ff11bcb23e627d2bf252c21c483961896468dd31d0ee,3.13.13
"2,2,2,2",28,4,730,10,2,6,400.0,4022,"0,1,2,3",8ddbf1da444305a57c12cf2b9c60b04f5ffbdd6b,1,11.0,120.0,280.0,0,0,,,2e946b33c5250f1bfeb1ff11bcb23e627d2bf252c21c483961896468dd31d0ee,3.13.13
"2,2,2,2",28,4,730,10,2,6,400.0,4023,"0,1,2,3",8ddbf1da444305a57c12cf2b9c60b04f5ffbdd6b,1,0.0,120.0,280.0,0,0,,,2e946b33c5250f1bfeb1ff11bcb23e627d2bf252c21c483961896468dd31d0ee,3.13.13
"2,2,2,2",28,4,730,10,2,6,400.0,4024,"0,1,2,3",8ddbf1da444305a57c12cf2b9c60b04f5ffbdd6b,1,38.25,120.0,280.0,0,0,,,2e946b33c5250f1bfeb1ff11bcb23e627d2bf252c21c483961896468dd31d0ee,3.13.13
"2,2,2,2",28,4,730,10,2,6,400.0,4025,"0,1,2,3",8ddbf1da444305a57c12cf2b9c60b04f5ffbdd6b,1,117.75,130.0,270.0,0,0,,,2e946b33c5250f1bfeb1ff11bcb23e627d2bf252c21c483961896468dd31d0ee,3.13.13
"2,2,2,2",28,4,730,10,2,6,400.0,4026,"0,1,2,3",8ddbf1da444305a57c12cf2b9c60b04f5ffbdd6b,1,2.0,120.0,280.0,0,0,,,2e946b33c5250f1bfeb1ff11bcb23e627d2bf252c21c483961896468dd31d0ee,3.13.13
"2,2,2,2",28,4,730,10,2,6,400.0,4027,"0,1,2,3",8ddbf1da444305a57c12cf2b9c60b04f5ffbdd6b,1,24.5,120.0,280.0,0,0,,,2e946b33c5250f1bfeb1ff11bcb23e627d2bf252c21c483961896468dd31d0ee,3.13.13
"2,2,2,2",28,4,730,10,2,6,400.0,4028,"0,1,2,3",8ddbf1da444305a57c12cf2b9c60b04f5ffbdd6b,1,10.5,120.0,280.0,0,0,,,2e946b33c5250f1bfeb1ff11bcb23e627d2bf252c21c483961896468dd31d0ee,3.13.13
"2,2,2,2",28,4,730,10,2,6,400.0,4029,"0,1,2,3",8ddbf1da444305a57c12cf2b9c60b04f5ffbdd6b,1,76.0,120.0,280.0,0,0,,,2e946b33c5250f1bfeb1ff11bcb23e627d2bf252c21c483961896468dd31d0ee,3.13.13
"2,2,2,2",28,4,730,10,2,6,400.0,4030,"0,1,2,3",8ddbf1da444305a57c12cf2b9c60b04f5ffbdd6b,1,109.0,130.0,270.0,0,0,,,2e946b33c5250f1bfeb1ff11bcb23e627d2bf252c21c483961896468dd31d0ee,3.13.13
"2,r,r,r",28,4,730,40,1,6,120.0,4001,0,8ddbf1da444305a57c12cf2b9c60b04f5ffbdd6b,1,1031.0,120.0,0.0,0,0,,,e54c8f10eed42e79c0ae35d2d1dae7c4534289221e834cc873849bf23878b692,3.13.13
"2,r,r,r",28,4,730,40,1,6,120.0,4002,0,8ddbf1da444305a57c12cf2b9c60b04f5ffbdd6b,1,1637.0,120.0,0.0,0,0,,,e54c8f10eed42e79c0ae35d2d1dae7c4534289221e834cc873849bf23878b692,3.13.13
"2,r,r,r",28,4,730,40,1,6,120.0,4003,0,8ddbf1da444305a57c12cf2b9c60b04f5ffbdd6b,1,2477.0,120.0,0.0,0,0,,,e54c8f10eed42e79c0ae35d2d1dae7c4534289221e834cc873849bf23878b692,3.13.13
"2,r,r,r",28,4,730,40,1,6,120.0,4004,0,8ddbf1da444305a57c12cf2b9c60b04f5ffbdd6b,1,1502.0,120.0,0.0,0,0,,,e54c8f10eed42e79c0ae35d2d1dae7c4534289221e834cc873849bf23878b692,3.13.13
"2,r,r,r",28,4,730,40,1,6,120.0,4005,0,8ddbf1da444305a57c12cf2b9c60b04f5ffbdd6b,1,1611.0,120.0,0.0,0,0,,,e54c8f10eed42e79c0ae35d2d1dae7c4534289221e834cc873849bf23878b692,3.13.13
"2,r,r,r",28,4,730,40,1,6,120.0,4006,0,8ddbf1da444305a57c12cf2b9c60b04f5ffbdd6b,1,1054.0,120.0,0.0,0,0,,,e54c8f10eed42e79c0ae35d2d1dae7c4534289221e834cc873849bf23878b692,3.13.13
"2,r,r,r",28,4,730,40,1,6,120.0,4007,0,8ddbf1da444305a57c12cf2b9c60b04f5ffbdd6b,1,2138.0,120.0,0.0,0,0,,,e54c8f10eed42e79c0ae35d2d1dae7c4534289221e834cc873849bf23878b692,3.13.13
"2,r,r,r",28,4,730,40,1,6,120.0,4008,0,8ddbf1da444305a57c12cf2b9c60b04f5ffbdd6b,1,2156.0,120.0,0.0,0,0,,,e54c8f10eed42e79c0ae35d2d1dae7c4534289221e834cc873849bf23878b692,3.13.13
"2,r,r,r",28,4,730,40,1,6,120.0,4009,0,8ddbf1da444305a57c12cf2b9c60b04f5ffbdd6b,1,1400.0,120.0,0.0,0,0,,,e54c8f10eed42e79c0ae35d2d1dae7c4534289221e834cc873849bf23878b692,3.13.13
"2,r,r,r",28,4,730,40,1,6,120.0,4010,0,8ddbf1da444305a57c12cf2b9c60b04f5ffbdd6b,1,1771.0,120.0,0.0,0,0,,,e54c8f10eed42e79c0ae35d2d1dae7c4534289221e834cc873849bf23878b692,3.13.13
"2,r,r,r",28,4,730,40,1,6,120.0,4011,0,8ddbf1da444305a57c12cf2b9c60b04f5ffbdd6b,1,1296.0,120.0,0.0,0,0,,,e54c8f10eed42e79c0ae35d2d1dae7c4534289221e834cc873849bf23878b692,3.13.13
"2,r,r,r",28,4,730,40,1,6,120.0,4012,0,8ddbf1da444305a57c12cf2b9c60b04f5ffbdd6b,1,2283.0,120.0,0.0,0,0,,,e54c8f10eed42e79c0ae35d2d1dae7c4534289221e834cc873849bf23878b692,3.13.13
"2,r,r,r",28,4,730,40,1,6,120.0,4013,0,8ddbf1da444305a57c12cf2b9c60b04f5ffbdd6b,1,1944.0,120.0,0.0,0,0,,,e54c8f10eed42e79c0ae35d2d1dae7c4534289221e834cc873849bf23878b692,3.13.13
"2,r,r,r",28,4,730,40,1,6,120.0,4014,0,8ddbf1da444305a57c12cf2b9c60b04f5ffbdd6b,1,2533.0,120.0,0.0,0,0,,,e54c8f10eed42e79c0ae35d2d1dae7c4534289221e834cc873849bf23878b692,3.13.13
"2,r,r,r",28,4,730,40,1,6,120.0,4015,0,8ddbf1da444305a57c12cf2b9c60b04f5ffbdd6b,1,1913.0,120.0,0.0,0,0,,,e54c8f10eed42e79c0ae35d2d1dae7c4534289221e834cc873849bf23878b692,3.13.13
"2,r,r,r",28,4,730,40,1,6,120.0,4016,0,8ddbf1da444305a57c12cf2b9c60b04f5ffbdd6b,1,1350.0,120.0,0.0,0,0,,,e54c8f10eed42e79c0ae35d2d1dae7c4534289221e834cc873849bf23878b692,3.13.13
"2,r,r,r",28,4,730,40,1,6,120.0,4017,0,8ddbf1da444305a57c12cf2b9c60b04f5ffbdd6b,1,1565.0,120.0,0.0,0,0,,,e54c8f10eed42e79c0ae35d2d1dae7c4534289221e834cc873849bf23878b692,3.13.13
"2,r,r,r",28,4,730,40,1,6,120.0,4018,0,8ddbf1da444305a57c12cf2b9c60b04f5ffbdd6b,1,1437.0,120.0,0.0,0,0,,,e54c8f10eed42e79c0ae35d2d1dae7c4534289221e834cc873849bf23878b692,3.13.13
"2,r,r,r",28,4,730,40,1,6,120.0,4019,0,8ddbf1da444305a57c12cf2b9c60b04f5ffbdd6b,1,1983.0,120.0,0.0,0,0,,,e54c8f10eed42e79c0ae35d2d1dae7c4534289221e834cc873849bf23878b692,3.13.13
"2,r,r,r",28,4,730,40,1,6,120.0,4020,0,8ddbf1da444305a57c12cf2b9c60b04f5ffbdd6b,1,2698.0,120.0,0.0,0,0,,,e54c8f10eed42e79c0ae35d2d1dae7c4534289221e834cc873849bf23878b692,3.13.13
"2,r,r,r",28,4,730,40,1,6,120.0,4021,0,8ddbf1da444305a57c12cf2b9c60b04f5ffbdd6b,1,1410.0,110.0,10.0,0,0,,,e54c8f10eed42e79c0ae35d2d1dae7c4534289221e834cc873849bf23878b692,3.13.13
"2,r,r,r",28,4,730,40,1,6,120.0,4022,0,8ddbf1da444305a57c12cf2b9c60b04f5ffbdd6b,1,2387.0,120.0,0.0,0,0,,,e54c8f10eed42e79c0ae35d2d1dae7c4534289221e834cc873849bf23878b692,3.13.13
"2,r,r,r",28,4,730,40,1,6,120.0,4023,0,8ddbf1da444305a57c12cf2b9c60b04f5ffbdd6b,1,1207.0,120.0,0.0,0,0,,,e54c8f10eed42e79c0ae35d2d1dae7c4534289221e834cc873849bf23878b692,3.13.13
"2,r,r,r",28,4,730,40,1,6,120.0,4024,0,8ddbf1da444305a57c12cf2b9c60b04f5ffbdd6b,1,1129.0,120.0,0.0,0,0,,,e54c8f10eed42e79c0ae35d2d1dae7c4534289221e834cc873849bf23878b692,3.13.13
"2,r,r,r",28,4,730,40,1,6,120.0,4025,0,8ddbf1da444305a57c12cf2b9c60b04f5ffbdd6b,1,1494.0,120.0,0.0,0,0,,,e54c8f10eed42e79c0ae35d2d1dae7c4534289221e834cc873849bf23878b692,3.13.13
"2,r,r,r",28,4,730,40,1,6,120.0,4026,0,8ddbf1da444305a57c12cf2b9c60b04f5ffbdd6b,1,1299.0,120.0,0.0,0,0,,,e54c8f10eed42e79c0ae35d2d1dae7c4534289221e834cc873849bf23878b692,3.13.13
"2,r,r,r",28,4,730,40,1,6,120.0,4027,0,8ddbf1da444305a57c12cf2b9c60b04f5ffbdd6b,1,2920.0,120.0,0.0,0,0,,,e54c8f10eed42e79c0ae35d2d1dae7c4534289221e834cc873849bf23878b692,3.13.13
"2,r,r,r",28,4,730,40,1,6,120.0,4028,0,8ddbf1da444305a57c12cf2b9c60b04f5ffbdd6b,1,1260.0,120.0,0.0,0,0,,,e54c8f10eed42e79c0ae35d2d1dae7c4534289221e834cc873849bf23878b692,3.13.13
"2,r,r,r",28,4,730,40,1,6,120.0,4029,0,8ddbf1da444305a57c12cf2b9c60b04f5ffbdd6b,1,2660.0,120.0,0.0,0,0,,,e54c8f10eed42e79c0ae35d2d1dae7c4534289221e834cc873849bf23878b692,3.13.13
"2,r,r,r",28,4,730,40,1,6,120.0,4030,0,8ddbf1da444305a57c12cf2b9c60b04f5ffbdd6b,1,1791.0,120.0,0.0,0,0,,,e54c8f10eed42e79c0ae35d2d1dae7c4534289221e834cc873849bf23878b692,3.13.13
"2,r,r,r",28,4,730,40,1,6,400.0,4001,0,8ddbf1da444305a57c12cf2b9c60b04f5ffbdd6b,1,1754.0,120.0,280.0,0,0,,,e54c8f10eed42e79c0ae35d2d1dae7c4534289221e834cc873849bf23878b692,3.13.13
"2,r,r,r",28,4,730,40,1,6,400.0,4002,0,8ddbf1da444305a57c12cf2b9c60b04f5ffbdd6b,1,1401.0,120.0,280.0,0,0,,,e54c8f10eed42e79c0ae35d2d1dae7c4534289221e834cc873849bf23878b692,3.13.13
"2,r,r,r",28,4,730,40,1,6,400.0,4003,0,8ddbf1da444305a57c12cf2b9c60b04f5ffbdd6b,1,1444.0,120.0,280.0,0,0,,,e54c8f10eed42e79c0ae35d2d1dae7c4534289221e834cc873849bf23878b692,3.13.13
"2,r,r,r",28,4,730,40,1,6,400.0,4004,0,8ddbf1da444305a57c12cf2b9c60b04f5ffbdd6b,1,1054.0,120.0,280.0,0,0,,,e54c8f10eed42e79c0ae35d2d1dae7c4534289221e834cc873849bf23878b692,3.13.13
"2,r,r,r",28,4,730,40,1,6,400.0,4005,0,8ddbf1da444305a57c12cf2b9c60b04f5ffbdd6b,1,1176.0,120.0,280.0,0,0,,,e54c8f10eed42e79c0ae35d2d1dae7c4534289221e834cc873849bf23878b692,3.13.13
"2,r,r,r",28,4,730,40,1,6,400.0,4006,0,8ddbf1da444305a57c12cf2b9c60b04f5ffbdd6b,1,1108.0,120.0,280.0,0,0,,,e54c8f10eed42e79c0ae35d2d1dae7c4534289221e834cc873849bf23878b692,3.13.13
"2,r,r,r",28,4,730,40,1,6,400.0,4007,0,8ddbf1da444305a57c12cf2b9c60b04f5ffbdd6b,1,1649.0,120.0,280.0,0,0,,,e54c8f10eed42e79c0ae35d2d1dae7c4534289221e834cc873849bf23878b692,3.13.13
"2,r,r,r",28,4,730,40,1,6,400.0,4008,0,8ddbf1da444305a57c12cf2b9c60b04f5ffbdd6b,1,1671.0,130.0,270.0,0,0,,,e54c8f10eed42e79c0ae35d2d1dae7c4534289221e834cc873849bf23878b692,3.13.13
"2,r,r,r",28,4,730,40,1,6,400.0,4009,0,8ddbf1da444305a57c12cf2b9c60b04f5ffbdd6b,1,1601.0,120.0,280.0,0,0,,,e54c8f10eed42e79c0ae35d2d1dae7c4534289221e834cc873849bf23878b692,3.13.13
"2,r,r,r",28,4,730,40,1,6,400.0,4010,0,8ddbf1da444305a57c12cf2b9c60b04f5ffbdd6b,1,1506.0,120.0,280.0,0,0,,,e54c8f10eed42e79c0ae35d2d1dae7c4534289221e834cc873849bf23878b692,3.13.13
"2,r,r,r",28,4,730,40,1,6,400.0,4011,0,8ddbf1da444305a57c12cf2b9c60b04f5ffbdd6b,1,1452.0,120.0,280.0,0,0,,,e54c8f10eed42e79c0ae35d2d1dae7c4534289221e834cc873849bf23878b692,3.13.13
"2,r,r,r",28,4,730,40,1,6,400.0,4012,0,8ddbf1da444305a57c12cf2b9c60b04f5ffbdd6b,1,2131.0,120.0,280.0,0,0,,,e54c8f10eed42e79c0ae35d2d1dae7c4534289221e834cc873849bf23878b692,3.13.13
"2,r,r,r",28,4,730,40,1,6,400.0,4013,0,8ddbf1da444305a57c12cf2b9c60b04f5ffbdd6b,1,1049.0,120.0,280.0,0,0,,,e54c8f10eed42e79c0ae35d2d1dae7c4534289221e834cc873849bf23878b692,3.13.13
"2,r,r,r",28,4,730,40,1,6,400.0,4014,0,8ddbf1da444305a57c12cf2b9c60b04f5ffbdd6b,1,831.0,120.0,280.0,0,0,,,e54c8f10eed42e79c0ae35d2d1dae7c4534289221e834cc873849bf23878b692,3.13.13
"2,r,r,r",28,4,730,40,1,6,400.0,4015,0,8ddbf1da444305a57c12cf2b9c60b04f5ffbdd6b,1,1258.0,120.0,280.0,0,0,,,e54c8f10eed42e79c0ae35d2d1dae7c4534289221e834cc873849bf23878b692,3.13.13
"2,r,r,r",28,4,730,40,1,6,400.0,4016,0,8ddbf1da444305a57c12cf2b9c60b04f5ffbdd6b,1,1252.0,120.0,280.0,0,0,,,e54c8f10eed42e79c0ae35d2d1dae7c4534289221e834cc873849bf23878b692,3.13.13
"2,r,r,r",28,4,730,40,1,6,400.0,4017,0,8ddbf1da444305a57c12cf2b9c60b04f5ffbdd6b,1,1976.0,120.0,280.0,0,0,,,e54c8f10eed42e79c0ae35d2d1dae7c4534289221e834cc873849bf23878b692,3.13.13
"2,r,r,r",28,4,730,40,1,6,400.0,4018,0,8ddbf1da444305a57c12cf2b9c60b04f5ffbdd6b,1,1502.0,120.0,280.0,0,0,,,e54c8f10eed42e79c0ae35d2d1dae7c4534289221e834cc873849bf23878b692,3.13.13
"2,r,r,r",28,4,730,40,1,6,400.0,4019,0,8ddbf1da444305a57c12cf2b9c60b04f5ffbdd6b,1,1990.0,120.0,280.0,0,0,,,e54c8f10eed42e79c0ae35d2d1dae7c4534289221e834cc873849bf23878b692,3.13.13
"2,r,r,r",28,4,730,40,1,6,400.0,4020,0,8ddbf1da444305a57c12cf2b9c60b04f5ffbdd6b,1,1764.0,120.0,280.0,0,0,,,e54c8f10eed42e79c0ae35d2d1dae7c4534289221e834cc873849bf23878b692,3.13.13
"2,r,r,r",28,4,730,40,1,6,400.0,4021,0,8ddbf1da444305a57c12cf2b9c60b04f5ffbdd6b,1,1384.0,120.0,280.0,0,0,,,e54c8f10eed42e79c0ae35d2d1dae7c4534289221e834cc873849bf23878b692,3.13.13
"2,r,r,r",28,4,730,40,1,6,400.0,4022,0,8ddbf1da444305a57c12cf2b9c60b04f5ffbdd6b,1,1376.0,120.0,280.0,0,0,,,e54c8f10eed42e79c0ae35d2d1dae7c4534289221e834cc873849bf23878b692,3.13.13
"2,r,r,r",28,4,730,40,1,6,400.0,4023,0,8ddbf1da444305a57c12cf2b9c60b04f5ffbdd6b,1,979.0,120.0,280.0,0,0,,,e54c8f10eed42e79c0ae35d2d1dae7c4534289221e834cc873849bf23878b692,3.13.13
"2,r,r,r",28,4,730,40,1,6,400.0,4024,0,8ddbf1da444305a57c12cf2b9c60b04f5ffbdd6b,1,893.0,120.0,280.0,0,0,,,e54c8f10eed42e79c0ae35d2d1dae7c4534289221e834cc873849bf23878b692,3.13.13
"2,r,r,r",28,4,730,40,1,6,400.0,4025,0,8ddbf1da444305a57c12cf2b9c60b04f5ffbdd6b,1,1433.0,120.0,280.0,0,0,,,e54c8f10eed42e79c0ae35d2d1dae7c4534289221e834cc873849bf23878b692,3.13.13
"2,r,r,r",28,4,730,40,1,6,400.0,4026,0,8ddbf1da444305a57c12cf2b9c60b04f5ffbdd6b,1,1429.0,120.0,280.0,0,0,,,e54c8f10eed42e79c0ae35d2d1dae7c4534289221e834cc873849bf23878b692,3.13.13
"2,r,r,r",28,4,730,40,1,6,400.0,4027,0,8ddbf1da444305a57c12cf2b9c60b04f5ffbdd6b,1,1874.0,120.0,280.0,0,0,,,e54c8f10eed42e79c0ae35d2d1dae7c4534289221e834cc873849bf23878b692,3.13.13
"2,r,r,r",28,4,730,40,1,6,400.0,4028,0,8ddbf1da444305a57c12cf2b9c60b04f5ffbdd6b,1,2363.0,120.0,280.0,0,0,,,e54c8f10eed42e79c0ae35d2d1dae7c4534289221e834cc873849bf23878b692,3.13.13
"2,r,r,r",28,4,730,40,1,6,400.0,4029,0,8ddbf1da444305a57c12cf2b9c60b04f5ffbdd6b,1,1916.0,120.0,280.0,0,0,,,e54c8f10eed42e79c0ae35d2d1dae7c4534289221e834cc873849bf23878b692,3.13.13
"2,r,r,r",28,4,730,40,1,6,400.0,4030,0,8ddbf1da444305a57c12cf2b9c60b04f5ffbdd6b,1,877.0,120.0,280.0,0,0,,,e54c8f10eed42e79c0ae35d2d1dae7c4534289221e834cc873849bf23878b692,3.13.13
"2,r,r,r",28,4,730,40,2,6,120.0,4001,0,8ddbf1da444305a57c12cf2b9c60b04f5ffbdd6b,1,1031.0,120.0,0.0,0,0,,,e54c8f10eed42e79c0ae35d2d1dae7c4534289221e834cc873849bf23878b692,3.13.13
"2,r,r,r",28,4,730,40,2,6,120.0,4002,0,8ddbf1da444305a57c12cf2b9c60b04f5ffbdd6b,1,1637.0,120.0,0.0,0,0,,,e54c8f10eed42e79c0ae35d2d1dae7c4534289221e834cc873849bf23878b692,3.13.13
"2,r,r,r",28,4,730,40,2,6,120.0,4003,0,8ddbf1da444305a57c12cf2b9c60b04f5ffbdd6b,1,2477.0,120.0,0.0,0,0,,,e54c8f10eed42e79c0ae35d2d1dae7c4534289221e834cc873849bf23878b692,3.13.13
"2,r,r,r",28,4,730,40,2,6,120.0,4004,0,8ddbf1da444305a57c12cf2b9c60b04f5ffbdd6b,1,1502.0,120.0,0.0,0,0,,,e54c8f10eed42e79c0ae35d2d1dae7c4534289221e834cc873849bf23878b692,3.13.13
"2,r,r,r",28,4,730,40,2,6,120.0,4005,0,8ddbf1da444305a57c12cf2b9c60b04f5ffbdd6b,1,1611.0,120.0,0.0,0,0,,,e54c8f10eed42e79c0ae35d2d1dae7c4534289221e834cc873849bf23878b692,3.13.13
"2,r,r,r",28,4,730,40,2,6,120.0,4006,0,8ddbf1da444305a57c12cf2b9c60b04f5ffbdd6b,1,1054.0,120.0,0.0,0,0,,,e54c8f10eed42e79c0ae35d2d1dae7c4534289221e834cc873849bf23878b692,3.13.13
"2,r,r,r",28,4,730,40,2,6,120.0,4007,0,8ddbf1da444305a57c12cf2b9c60b04f5ffbdd6b,1,2138.0,120.0,0.0,0,0,,,e54c8f10eed42e79c0ae35d2d1dae7c4534289221e834cc873849bf23878b692,3.13.13
"2,r,r,r",28,4,730,40,2,6,120.0,4008,0,8ddbf1da444305a57c12cf2b9c60b04f5ffbdd6b,1,2156.0,120.0,0.0,0,0,,,e54c8f10eed42e79c0ae35d2d1dae7c4534289221e834cc873849bf23878b692,3.13.13
"2,r,r,r",28,4,730,40,2,6,120.0,4009,0,8ddbf1da444305a57c12cf2b9c60b04f5ffbdd6b,1,1400.0,120.0,0.0,0,0,,,e54c8f10eed42e79c0ae35d2d1dae7c4534289221e834cc873849bf23878b692,3.13.13
"2,r,r,r",28,4,730,40,2,6,120.0,4010,0,8ddbf1da444305a57c12cf2b9c60b04f5ffbdd6b,1,1771.0,120.0,0.0,0,0,,,e54c8f10eed42e79c0ae35d2d1dae7c4534289221e834cc873849bf23878b692,3.13.13
"2,r,r,r",28,4,730,40,2,6,120.0,4011,0,8ddbf1da444305a57c12cf2b9c60b04f5ffbdd6b,1,1296.0,120.0,0.0,0,0,,,e54c8f10eed42e79c0ae35d2d1dae7c4534289221e834cc873849bf23878b692,3.13.13
"2,r,r,r",28,4,730,40,2,6,120.0,4012,0,8ddbf1da444305a57c12cf2b9c60b04f5ffbdd6b,1,2283.0,120.0,0.0,0,0,,,e54c8f10eed42e79c0ae35d2d1dae7c4534289221e834cc873849bf23878b692,3.13.13
"2,r,r,r",28,4,730,40,2,6,120.0,4013,0,8ddbf1da444305a57c12cf2b9c60b04f5ffbdd6b,1,1944.0,120.0,0.0,0,0,,,e54c8f10eed42e79c0ae35d2d1dae7c4534289221e834cc873849bf23878b692,3.13.13
"2,r,r,r",28,4,730,40,2,6,120.0,4014,0,8ddbf1da444305a57c12cf2b9c60b04f5ffbdd6b,1,2533.0,120.0,0.0,0,0,,,e54c8f10eed42e79c0ae35d2d1dae7c4534289221e834cc873849bf23878b692,3.13.13
"2,r,r,r",28,4,730,40,2,6,120.0,4015,0,8ddbf1da444305a57c12cf2b9c60b04f5ffbdd6b,1,1913.0,120.0,0.0,0,0,,,e54c8f10eed42e79c0ae35d2d1dae7c4534289221e834cc873849bf23878b692,3.13.13
"2,r,r,r",28,4,730,40,2,6,120.0,4016,0,8ddbf1da444305a57c12cf2b9c60b04f5ffbdd6b,1,1703.0,120.0,0.0,0,0,,,e54c8f10eed42e79c0ae35d2d1dae7c4534289221e834cc873849bf23878b692,3.13.13
"2,r,r,r",28,4,730,40,2,6,120.0,4017,0,8ddbf1da444305a57c12cf2b9c60b04f5ffbdd6b,1,1565.0,120.0,0.0,0,0,,,e54c8f10eed42e79c0ae35d2d1dae7c4534289221e834cc873849bf23878b692,3.13.13
"2,r,r,r",28,4,730,40,2,6,120.0,4018,0,8ddbf1da444305a57c12cf2b9c60b04f5ffbdd6b,1,1437.0,120.0,0.0,0,0,,,e54c8f10eed42e79c0ae35d2d1dae7c4534289221e834cc873849bf23878b692,3.13.13
"2,r,r,r",28,4,730,40,2,6,120.0,4019,0,8ddbf1da444305a57c12cf2b9c60b04f5ffbdd6b,1,1922.0,120.0,0.0,0,0,,,e54c8f10eed42e79c0ae35d2d1dae7c4534289221e834cc873849bf23878b692,3.13.13
"2,r,r,r",28,4,730,40,2,6,120.0,4020,0,8ddbf1da444305a57c12cf2b9c60b04f5ffbdd6b,1,2698.0,120.0,0.0,0,0,,,e54c8f10eed42e79c0ae35d2d1dae7c4534289221e834cc873849bf23878b692,3.13.13
"2,r,r,r",28,4,730,40,2,6,120.0,4021,0,8ddbf1da444305a57c12cf2b9c60b04f5ffbdd6b,1,1410.0,110.0,10.0,0,0,,,e54c8f10eed42e79c0ae35d2d1dae7c4534289221e834cc873849bf23878b692,3.13.13
"2,r,r,r",28,4,730,40,2,6,120.0,4022,0,8ddbf1da444305a57c12cf2b9c60b04f5ffbdd6b,1,2387.0,120.0,0.0,0,0,,,e54c8f10eed42e79c0ae35d2d1dae7c4534289221e834cc873849bf23878b692,3.13.13
"2,r,r,r",28,4,730,40,2,6,120.0,4023,0,8ddbf1da444305a57c12cf2b9c60b04f5ffbdd6b,1,1207.0,120.0,0.0,0,0,,,e54c8f10eed42e79c0ae35d2d1dae7c4534289221e834cc873849bf23878b692,3.13.13
"2,r,r,r",28,4,730,40,2,6,120.0,4024,0,8ddbf1da444305a57c12cf2b9c60b04f5ffbdd6b,1,1129.0,120.0,0.0,0,0,,,e54c8f10eed42e79c0ae35d2d1dae7c4534289221e834cc873849bf23878b692,3.13.13
"2,r,r,r",28,4,730,40,2,6,120.0,4025,0,8ddbf1da444305a57c12cf2b9c60b04f5ffbdd6b,1,1494.0,120.0,0.0,0,0,,,e54c8f10eed42e79c0ae35d2d1dae7c4534289221e834cc873849bf23878b692,3.13.13
"2,r,r,r",28,4,730,40,2,6,120.0,4026,0,8ddbf1da444305a57c12cf2b9c60b04f5ffbdd6b,1,1299.0,120.0,0.0,0,0,,,e54c8f10eed42e79c0ae35d2d1dae7c4534289221e834cc873849bf23878b692,3.13.13
"2,r,r,r",28,4,730,40,2,6,120.0,4027,0,8ddbf1da444305a57c12cf2b9c60b04f5ffbdd6b,1,2920.0,120.0,0.0,0,0,,,e54c8f10eed42e79c0ae35d2d1dae7c4534289221e834cc873849bf23878b692,3.13.13
"2,r,r,r",28,4,730,40,2,6,120.0,4028,0,8ddbf1da444305a57c12cf2b9c60b04f5ffbdd6b,1,1260.0,120.0,0.0,0,0,,,e54c8f10eed42e79c0ae35d2d1dae7c4534289221e834cc873849bf23878b692,3.13.13
"2,r,r,r",28,4,730,40,2,6,120.0,4029,0,8ddbf1da444305a57c12cf2b9c60b04f5ffbdd6b,1,1822.0,120.0,0.0,0,0,,,e54c8f10eed42e79c0ae35d2d1dae7c4534289221e834cc873849bf23878b692,3.13.13
"2,r,r,r",28,4,730,40,2,6,120.0,4030,0,8ddbf1da444305a57c12cf2b9c60b04f5ffbdd6b,1,1791.0,120.0,0.0,0,0,,,e54c8f10eed42e79c0ae35d2d1dae7c4534289221e834cc873849bf23878b692,3.13.13
"2,r,r,r",28,4,730,40,2,6,400.0,4001,0,8ddbf1da444305a57c12cf2b9c60b04f5ffbdd6b,1,1045.0,120.0,280.0,0,0,,,e54c8f10eed42e79c0ae35d2d1dae7c4534289221e834cc873849bf23878b692,3.13.13
"2,r,r,r",28,4,730,40,2,6,400.0,4002,0,8ddbf1da444305a57c12cf2b9c60b04f5ffbdd6b,1,1401.0,120.0,280.0,0,0,,,e54c8f10eed42e79c0ae35d2d1dae7c4534289221e834cc873849bf23878b692,3.13.13
"2,r,r,r",28,4,730,40,2,6,400.0,4003,0,8ddbf1da444305a57c12cf2b9c60b04f5ffbdd6b,1,1444.0,120.0,280.0,0,0,,,e54c8f10eed42e79c0ae35d2d1dae7c4534289221e834cc873849bf23878b692,3.13.13
"2,r,r,r",28,4,730,40,2,6,400.0,4004,0,8ddbf1da444305a57c12cf2b9c60b04f5ffbdd6b,1,1774.0,120.0,280.0,0,0,,,e54c8f10eed42e79c0ae35d2d1dae7c4534289221e834cc873849bf23878b692,3.13.13
"2,r,r,r",28,4,730,40,2,6,400.0,4005,0,8ddbf1da444305a57c12cf2b9c60b04f5ffbdd6b,1,1265.0,120.0,280.0,0,0,,,e54c8f10eed42e79c0ae35d2d1dae7c4534289221e834cc873849bf23878b692,3.13.13
"2,r,r,r",28,4,730,40,2,6,400.0,4006,0,8ddbf1da444305a57c12cf2b9c60b04f5ffbdd6b,1,1108.0,120.0,280.0,0,0,,,e54c8f10eed42e79c0ae35d2d1dae7c4534289221e834cc873849bf23878b692,3.13.13
"2,r,r,r",28,4,730,40,2,6,400.0,4007,0,8ddbf1da444305a57c12cf2b9c60b04f5ffbdd6b,1,1649.0,120.0,280.0,0,0,,,e54c8f10eed42e79c0ae35d2d1dae7c4534289221e834cc873849bf23878b692,3.13.13
"2,r,r,r",28,4,730,40,2,6,400.0,4008,0,8ddbf1da444305a57c12cf2b9c60b04f5ffbdd6b,1,1619.0,120.0,280.0,0,0,,,e54c8f10eed42e79c0ae35d2d1dae7c4534289221e834cc873849bf23878b692,3.13.13
"2,r,r,r",28,4,730,40,2,6,400.0,4009,0,8ddbf1da444305a57c12cf2b9c60b04f5ffbdd6b,1,1601.0,120.0,280.0,0,0,,,e54c8f10eed42e79c0ae35d2d1dae7c4534289221e834cc873849bf23878b692,3.13.13
"2,r,r,r",28,4,730,40,2,6,400.0,4010,0,8ddbf1da444305a57c12cf2b9c60b04f5ffbdd6b,1,1506.0,120.0,280.0,0,0,,,e54c8f10eed42e79c0ae35d2d1dae7c4534289221e834cc873849bf23878b692,3.13.13
"2,r,r,r",28,4,730,40,2,6,400.0,4011,0,8ddbf1da444305a57c12cf2b9c60b04f5ffbdd6b,1,1411.0,120.0,280.0,0,0,,,e54c8f10eed42e79c0ae35d2d1dae7c4534289221e834cc873849bf23878b692,3.13.13
"2,r,r,r",28,4,730,40,2,6,400.0,4012,0,8ddbf1da444305a57c12cf2b9c60b04f5ffbdd6b,1,1905.0,120.0,280.0,0,0,,,e54c8f10eed42e79c0ae35d2d1dae7c4534289221e834cc873849bf23878b692,3.13.13
"2,r,r,r",28,4,730,40,2,6,400.0,4013,0,8ddbf1da444305a57c12cf2b9c60b04f5ffbdd6b,1,1127.0,120.0,280.0,0,0,,,e54c8f10eed42e79c0ae35d2d1dae7c4534289221e834cc873849bf23878b692,3.13.13
"2,r,r,r",28,4,730,40,2,6,400.0,4014,0,8ddbf1da444305a57c12cf2b9c60b04f5ffbdd6b,1,831.0,120.0,280.0,0,0,,,e54c8f10eed42e79c0ae35d2d1dae7c4534289221e834cc873849bf23878b692,3.13.13
"2,r,r,r",28,4,730,40,2,6,400.0,4015,0,8ddbf1da444305a57c12cf2b9c60b04f5ffbdd6b,1,1258.0,120.0,280.0,0,0,,,e54c8f10eed42e79c0ae35d2d1dae7c4534289221e834cc873849bf23878b692,3.13.13
"2,r,r,r",28,4,730,40,2,6,400.0,4016,0,8ddbf1da444305a57c12cf2b9c60b04f5ffbdd6b,1,1252.0,120.0,280.0,0,0,,,e54c8f10eed42e79c0ae35d2d1dae7c4534289221e834cc873849bf23878b692,3.13.13
"2,r,r,r",28,4,730,40,2,6,400.0,4017,0,8ddbf1da444305a57c12cf2b9c60b04f5ffbdd6b,1,1511.0,120.0,280.0,0,0,,,e54c8f10eed42e79c0ae35d2d1dae7c4534289221e834cc873849bf23878b692,3.13.13
"2,r,r,r",28,4,730,40,2,6,400.0,4018,0,8ddbf1da444305a57c12cf2b9c60b04f5ffbdd6b,1,1502.0,120.0,280.0,0,0,,,e54c8f10eed42e79c0ae35d2d1dae7c4534289221e834cc873849bf23878b692,3.13.13
"2,r,r,r",28,4,730,40,2,6,400.0,4019,0,8ddbf1da444305a57c12cf2b9c60b04f5ffbdd6b,1,1461.0,120.0,280.0,0,0,,,e54c8f10eed42e79c0ae35d2d1dae7c4534289221e834cc873849bf23878b692,3.13.13
"2,r,r,r",28,4,730,40,2,6,400.0,4020,0,8ddbf1da444305a57c12cf2b9c60b04f5ffbdd6b,1,1764.0,120.0,280.0,0,0,,,e54c8f10eed42e79c0ae35d2d1dae7c4534289221e834cc873849bf23878b692,3.13.13
"2,r,r,r",28,4,730,40,2,6,400.0,4021,0,8ddbf1da444305a57c12cf2b9c60b04f5ffbdd6b,1,1384.0,120.0,280.0,0,0,,,e54c8f10eed42e79c0ae35d2d1dae7c4534289221e834cc873849bf23878b692,3.13.13
"2,r,r,r",28,4,730,40,2,6,400.0,4022,0,8ddbf1da444305a57c12cf2b9c60b04f5ffbdd6b,1,1376.0,120.0,280.0,0,0,,,e54c8f10eed42e79c0ae35d2d1dae7c4534289221e834cc873849bf23878b692,3.13.13
"2,r,r,r",28,4,730,40,2,6,400.0,4023,0,8ddbf1da444305a57c12cf2b9c60b04f5ffbdd6b,1,979.0,120.0,280.0,0,0,,,e54c8f10eed42e79c0ae35d2d1dae7c4534289221e834cc873849bf23878b692,3.13.13
"2,r,r,r",28,4,730,40,2,6,400.0,4024,0,8ddbf1da444305a57c12cf2b9c60b04f5ffbdd6b,1,893.0,120.0,280.0,0,0,,,e54c8f10eed42e79c0ae35d2d1dae7c4534289221e834cc873849bf23878b692,3.13.13
"2,r,r,r",28,4,730,40,2,6,400.0,4025,0,8ddbf1da444305a57c12cf2b9c60b04f5ffbdd6b,1,1433.0,120.0,280.0,0,0,,,e54c8f10eed42e79c0ae35d2d1dae7c4534289221e834cc873849bf23878b692,3.13.13
"2,r,r,r",28,4,730,40,2,6,400.0,4026,0,8ddbf1da444305a57c12cf2b9c60b04f5ffbdd6b,1,1429.0,120.0,280.0,0,0,,,e54c8f10eed42e79c0ae35d2d1dae7c4534289221e834cc873849bf23878b692,3.13.13
"2,r,r,r",28,4,730,40,2,6,400.0,4027,0,8ddbf1da444305a57c12cf2b9c60b04f5ffbdd6b,1,1874.0,120.0,280.0,0,0,,,e54c8f10eed42e79c0ae35d2d1dae7c4534289221e834cc873849bf23878b692,3.13.13
"2,r,r,r",28,4,730,40,2,6,400.0,4028,0,8ddbf1da444305a57c12cf2b9c60b04f5ffbdd6b,1,2363.0,120.0,280.0,0,0,,,e54c8f10eed42e79c0ae35d2d1dae7c4534289221e834cc873849bf23878b692,3.13.13
"2,r,r,r",28,4,730,40,2,6,400.0,4029,0,8ddbf1da444305a57c12cf2b9c60b04f5ffbdd6b,1,1916.0,120.0,280.0,0,0,,,e54c8f10eed42e79c0ae35d2d1dae7c4534289221e834cc873849bf23878b692,3.13.13
"2,r,r,r",28,4,730,40,2,6,400.0,4030,0,8ddbf1da444305a57c12cf2b9c60b04f5ffbdd6b,1,877.0,120.0,280.0,0,0,,,e54c8f10eed42e79c0ae35d2d1dae7c4534289221e834cc873849bf23878b692,3.13.13
"2,r,r,r",28,4,730,10,1,6,120.0,4001,0,8ddbf1da444305a57c12cf2b9c60b04f5ffbdd6b,1,1116.0,120.0,0.0,0,0,,,e54c8f10eed42e79c0ae35d2d1dae7c4534289221e834cc873849bf23878b692,3.13.13
"2,r,r,r",28,4,730,10,1,6,120.0,4002,0,8ddbf1da444305a57c12cf2b9c60b04f5ffbdd6b,1,1929.0,120.0,0.0,0,0,,,e54c8f10eed42e79c0ae35d2d1dae7c4534289221e834cc873849bf23878b692,3.13.13
"2,r,r,r",28,4,730,10,1,6,120.0,4003,0,8ddbf1da444305a57c12cf2b9c60b04f5ffbdd6b,1,2144.0,120.0,0.0,0,0,,,e54c8f10eed42e79c0ae35d2d1dae7c4534289221e834cc873849bf23878b692,3.13.13
"2,r,r,r",28,4,730,10,1,6,120.0,4004,0,8ddbf1da444305a57c12cf2b9c60b04f5ffbdd6b,1,1331.0,120.0,0.0,0,0,,,e54c8f10eed42e79c0ae35d2d1dae7c4534289221e834cc873849bf23878b692,3.13.13
"2,r,r,r",28,4,730,10,1,6,120.0,4005,0,8ddbf1da444305a57c12cf2b9c60b04f5ffbdd6b,1,1293.0,120.0,0.0,0,0,,,e54c8f10eed42e79c0ae35d2d1dae7c4534289221e834cc873849bf23878b692,3.13.13
"2,r,r,r",28,4,730,10,1,6,120.0,4006,0,8ddbf1da444305a57c12cf2b9c60b04f5ffbdd6b,1,634.0,120.0,0.0,0,0,,,e54c8f10eed42e79c0ae35d2d1dae7c4534289221e834cc873849bf23878b692,3.13.13
"2,r,r,r",28,4,730,10,1,6,120.0,4007,0,8ddbf1da444305a57c12cf2b9c60b04f5ffbdd6b,1,1629.0,120.0,0.0,0,0,,,e54c8f10eed42e79c0ae35d2d1dae7c4534289221e834cc873849bf23878b692,3.13.13
"2,r,r,r",28,4,730,10,1,6,120.0,4008,0,8ddbf1da444305a57c12cf2b9c60b04f5ffbdd6b,1,1582.0,120.0,0.0,0,0,,,e54c8f10eed42e79c0ae35d2d1dae7c4534289221e834cc873849bf23878b692,3.13.13
"2,r,r,r",28,4,730,10,1,6,120.0,4009,0,8ddbf1da444305a57c12cf2b9c60b04f5ffbdd6b,1,595.0,120.0,0.0,0,0,,,e54c8f10eed42e79c0ae35d2d1dae7c4534289221e834cc873849bf23878b692,3.13.13
"2,r,r,r",28,4,730,10,1,6,120.0,4010,0,8ddbf1da444305a57c12cf2b9c60b04f5ffbdd6b,1,1022.0,120.0,0.0,0,0,,,e54c8f10eed42e79c0ae35d2d1dae7c4534289221e834cc873849bf23878b692,3.13.13
"2,r,r,r",28,4,730,10,1,6,120.0,4011,0,8ddbf1da444305a57c12cf2b9c60b04f5ffbdd6b,1,2766.0,120.0,0.0,0,0,,,e54c8f10eed42e79c0ae35d2d1dae7c4534289221e834cc873849bf23878b692,3.13.13
"2,r,r,r",28,4,730,10,1,6,120.0,4012,0,8ddbf1da444305a57c12cf2b9c60b04f5ffbdd6b,1,1646.0,120.0,0.0,0,0,,,e54c8f10eed42e79c0ae35d2d1dae7c4534289221e834cc873849bf23878b692,3.13.13
"2,r,r,r",28,4,730,10,1,6,120.0,4013,0,8ddbf1da444305a57c12cf2b9c60b04f5ffbdd6b,1,1727.0,120.0,0.0,0,0,,,e54c8f10eed42e79c0ae35d2d1dae7c4534289221e834cc873849bf23878b692,3.13.13
"2,r,r,r",28,4,730,10,1,6,120.0,4014,0,8ddbf1da444305a57c12cf2b9c60b04f5ffbdd6b,1,1866.0,120.0,0.0,0,0,,,e54c8f10eed42e79c0ae35d2d1dae7c4534289221e834cc873849bf23878b692,3.13.13
"2,r,r,r",28,4,730,10,1,6,120.0,4015,0,8ddbf1da444305a57c12cf2b9c60b04f5ffbdd6b,1,923.0,120.0,0.0,0,0,,,e54c8f10eed42e79c0ae35d2d1dae7c4534289221e834cc873849bf23878b692,3.13.13
"2,r,r,r",28,4,730,10,1,6,120.0,4016,0,8ddbf1da444305a57c12cf2b9c60b04f5ffbdd6b,1,762.0,120.0,0.0,0,0,,,e54c8f10eed42e79c0ae35d2d1dae7c4534289221e834cc873849bf23878b692,3.13.13
"2,r,r,r",28,4,730,10,1,6,120.0,4017,0,8ddbf1da444305a57c12cf2b9c60b04f5ffbdd6b,1,765.0,120.0,0.0,0,0,,,e54c8f10eed42e79c0ae35d2d1dae7c4534289221e834cc873849bf23878b692,3.13.13
"2,r,r,r",28,4,730,10,1,6,120.0,4018,0,8ddbf1da444305a57c12cf2b9c60b04f5ffbdd6b,1,1978.0,120.0,0.0,0,0,,,e54c8f10eed42e79c0ae35d2d1dae7c4534289221e834cc873849bf23878b692,3.13.13
"2,r,r,r",28,4,730,10,1,6,120.0,4019,0,8ddbf1da444305a57c12cf2b9c60b04f5ffbdd6b,1,2571.0,120.0,0.0,0,0,,,e54c8f10eed42e79c0ae35d2d1dae7c4534289221e834cc873849bf23878b692,3.13.13
"2,r,r,r",28,4,730,10,1,6,120.0,4020,0,8ddbf1da444305a57c12cf2b9c60b04f5ffbdd6b,1,1477.0,120.0,0.0,0,0,,,e54c8f10eed42e79c0ae35d2d1dae7c4534289221e834cc873849bf23878b692,3.13.13
"2,r,r,r",28,4,730,10,1,6,120.0,4021,0,8ddbf1da444305a57c12cf2b9c60b04f5ffbdd6b,1,1274.0,120.0,0.0,0,0,,,e54c8f10eed42e79c0ae35d2d1dae7c4534289221e834cc873849bf23878b692,3.13.13
"2,r,r,r",28,4,730,10,1,6,120.0,4022,0,8ddbf1da444305a57c12cf2b9c60b04f5ffbdd6b,1,1400.0,120.0,0.0,0,0,,,e54c8f10eed42e79c0ae35d2d1dae7c4534289221e834cc873849bf23878b692,3.13.13
"2,r,r,r",28,4,730,10,1,6,120.0,4023,0,8ddbf1da444305a57c12cf2b9c60b04f5ffbdd6b,1,931.0,120.0,0.0,0,0,,,e54c8f10eed42e79c0ae35d2d1dae7c4534289221e834cc873849bf23878b692,3.13.13
"2,r,r,r",28,4,730,10,1,6,120.0,4024,0,8ddbf1da444305a57c12cf2b9c60b04f5ffbdd6b,1,1105.0,120.0,0.0,0,0,,,e54c8f10eed42e79c0ae35d2d1dae7c4534289221e834cc873849bf23878b692,3.13.13
"2,r,r,r",28,4,730,10,1,6,120.0,4025,0,8ddbf1da444305a57c12cf2b9c60b04f5ffbdd6b,1,935.0,120.0,0.0,0,0,,,e54c8f10eed42e79c0ae35d2d1dae7c4534289221e834cc873849bf23878b692,3.13.13
"2,r,r,r",28,4,730,10,1,6,120.0,4026,0,8ddbf1da444305a57c12cf2b9c60b04f5ffbdd6b,1,1497.0,120.0,0.0,0,0,,,e54c8f10eed42e79c0ae35d2d1dae7c4534289221e834cc873849bf23878b692,3.13.13
"2,r,r,r",28,4,730,10,1,6,120.0,4027,0,8ddbf1da444305a57c12cf2b9c60b04f5ffbdd6b,1,2115.0,120.0,0.0,0,0,,,e54c8f10eed42e79c0ae35d2d1dae7c4534289221e834cc873849bf23878b692,3.13.13
"2,r,r,r",28,4,730,10,1,6,120.0,4028,0,8ddbf1da444305a57c12cf2b9c60b04f5ffbdd6b,1,1360.0,120.0,0.0,0,0,,,e54c8f10eed42e79c0ae35d2d1dae7c4534289221e834cc873849bf23878b692,3.13.13
"2,r,r,r",28,4,730,10,1,6,120.0,4029,0,8ddbf1da444305a57c12cf2b9c60b04f5ffbdd6b,1,881.0,120.0,0.0,0,0,,,e54c8f10eed42e79c0ae35d2d1dae7c4534289221e834cc873849bf23878b692,3.13.13
"2,r,r,r",28,4,730,10,1,6,120.0,4030,0,8ddbf1da444305a57c12cf2b9c60b04f5ffbdd6b,1,1178.0,120.0,0.0,0,0,,,e54c8f10eed42e79c0ae35d2d1dae7c4534289221e834cc873849bf23878b692,3.13.13
"2,r,r,r",28,4,730,10,1,6,400.0,4001,0,8ddbf1da444305a57c12cf2b9c60b04f5ffbdd6b,1,654.0,120.0,280.0,0,0,,,e54c8f10eed42e79c0ae35d2d1dae7c4534289221e834cc873849bf23878b692,3.13.13
"2,r,r,r",28,4,730,10,1,6,400.0,4002,0,8ddbf1da444305a57c12cf2b9c60b04f5ffbdd6b,1,1203.0,120.0,280.0,0,0,,,e54c8f10eed42e79c0ae35d2d1dae7c4534289221e834cc873849bf23878b692,3.13.13
"2,r,r,r",28,4,730,10,1,6,400.0,4003,0,8ddbf1da444305a57c12cf2b9c60b04f5ffbdd6b,1,539.0,120.0,280.0,0,0,,,e54c8f10eed42e79c0ae35d2d1dae7c4534289221e834cc873849bf23878b692,3.13.13
"2,r,r,r",28,4,730,10,1,6,400.0,4004,0,8ddbf1da444305a57c12cf2b9c60b04f5ffbdd6b,1,797.0,120.0,280.0,0,0,,,e54c8f10eed42e79c0ae35d2d1dae7c4534289221e834cc873849bf23878b692,3.13.13
"2,r,r,r",28,4,730,10,1,6,400.0,4005,0,8ddbf1da444305a57c12cf2b9c60b04f5ffbdd6b,1,638.0,120.0,280.0,0,0,,,e54c8f10eed42e79c0ae35d2d1dae7c4534289221e834cc873849bf23878b692,3.13.13
"2,r,r,r",28,4,730,10,1,6,400.0,4006,0,8ddbf1da444305a57c12cf2b9c60b04f5ffbdd6b,1,783.0,120.0,280.0,0,0,,,e54c8f10eed42e79c0ae35d2d1dae7c4534289221e834cc873849bf23878b692,3.13.13
"2,r,r,r",28,4,730,10,1,6,400.0,4007,0,8ddbf1da444305a57c12cf2b9c60b04f5ffbdd6b,1,874.0,120.0,280.0,0,0,,,e54c8f10eed42e79c0ae35d2d1dae7c4534289221e834cc873849bf23878b692,3.13.13
"2,r,r,r",28,4,730,10,1,6,400.0,4008,0,8ddbf1da444305a57c12cf2b9c60b04f5ffbdd6b,1,1297.0,130.0,270.0,0,0,,,e54c8f10eed42e79c0ae35d2d1dae7c4534289221e834cc873849bf23878b692,3.13.13
"2,r,r,r",28,4,730,10,1,6,400.0,4009,0,8ddbf1da444305a57c12cf2b9c60b04f5ffbdd6b,1,872.0,120.0,280.0,0,0,,,e54c8f10eed42e79c0ae35d2d1dae7c4534289221e834cc873849bf23878b692,3.13.13
"2,r,r,r",28,4,730,10,1,6,400.0,4010,0,8ddbf1da444305a57c12cf2b9c60b04f5ffbdd6b,1,1032.0,120.0,280.0,0,0,,,e54c8f10eed42e79c0ae35d2d1dae7c4534289221e834cc873849bf23878b692,3.13.13
"2,r,r,r",28,4,730,10,1,6,400.0,4011,0,8ddbf1da444305a57c12cf2b9c60b04f5ffbdd6b,1,1200.0,120.0,280.0,0,0,,,e54c8f10eed42e79c0ae35d2d1dae7c4534289221e834cc873849bf23878b692,3.13.13
"2,r,r,r",28,4,730,10,1,6,400.0,4012,0,8ddbf1da444305a57c12cf2b9c60b04f5ffbdd6b,1,1088.0,120.0,280.0,0,0,,,e54c8f10eed42e79c0ae35d2d1dae7c4534289221e834cc873849bf23878b692,3.13.13
"2,r,r,r",28,4,730,10,1,6,400.0,4013,0,8ddbf1da444305a57c12cf2b9c60b04f5ffbdd6b,1,1029.0,120.0,280.0,0,0,,,e54c8f10eed42e79c0ae35d2d1dae7c4534289221e834cc873849bf23878b692,3.13.13
"2,r,r,r",28,4,730,10,1,6,400.0,4014,0,8ddbf1da444305a57c12cf2b9c60b04f5ffbdd6b,1,836.0,120.0,280.0,0,0,,,e54c8f10eed42e79c0ae35d2d1dae7c4534289221e834cc873849bf23878b692,3.13.13
"2,r,r,r",28,4,730,10,1,6,400.0,4015,0,8ddbf1da444305a57c12cf2b9c60b04f5ffbdd6b,1,1053.0,120.0,280.0,0,0,,,e54c8f10eed42e79c0ae35d2d1dae7c4534289221e834cc873849bf23878b692,3.13.13
"2,r,r,r",28,4,730,10,1,6,400.0,4016,0,8ddbf1da444305a57c12cf2b9c60b04f5ffbdd6b,1,1167.0,120.0,280.0,0,0,,,e54c8f10eed42e79c0ae35d2d1dae7c4534289221e834cc873849bf23878b692,3.13.13
"2,r,r,r",28,4,730,10,1,6,400.0,4017,0,8ddbf1da444305a57c12cf2b9c60b04f5ffbdd6b,1,510.0,120.0,280.0,0,0,,,e54c8f10eed42e79c0ae35d2d1dae7c4534289221e834cc873849bf23878b692,3.13.13
"2,r,r,r",28,4,730,10,1,6,400.0,4018,0,8ddbf1da444305a57c12cf2b9c60b04f5ffbdd6b,1,1664.0,120.0,280.0,0,0,,,e54c8f10eed42e79c0ae35d2d1dae7c4534289221e834cc873849bf23878b692,3.13.13
"2,r,r,r",28,4,730,10,1,6,400.0,4019,0,8ddbf1da444305a57c12cf2b9c60b04f5ffbdd6b,1,942.0,120.0,280.0,0,0,,,e54c8f10eed42e79c0ae35d2d1dae7c4534289221e834cc873849bf23878b692,3.13.13
"2,r,r,r",28,4,730,10,1,6,400.0,4020,0,8ddbf1da444305a57c12cf2b9c60b04f5ffbdd6b,1,742.0,120.0,280.0,0,0,,,e54c8f10eed42e79c0ae35d2d1dae7c4534289221e834cc873849bf23878b692,3.13.13
"2,r,r,r",28,4,730,10,1,6,400.0,4021,0,8ddbf1da444305a57c12cf2b9c60b04f5ffbdd6b,1,1035.0,120.0,280.0,0,0,,,e54c8f10eed42e79c0ae35d2d1dae7c4534289221e834cc873849bf23878b692,3.13.13
"2,r,r,r",28,4,730,10,1,6,400.0,4022,0,8ddbf1da444305a57c12cf2b9c60b04f5ffbdd6b,1,985.0,120.0,280.0,0,0,,,e54c8f10eed42e79c0ae35d2d1dae7c4534289221e834cc873849bf23878b692,3.13.13
"2,r,r,r",28,4,730,10,1,6,400.0,4023,0,8ddbf1da444305a57c12cf2b9c60b04f5ffbdd6b,1,689.0,120.0,280.0,0,0,,,e54c8f10eed42e79c0ae35d2d1dae7c4534289221e834cc873849bf23878b692,3.13.13
"2,r,r,r",28,4,730,10,1,6,400.0,4024,0,8ddbf1da444305a57c12cf2b9c60b04f5ffbdd6b,1,1579.0,120.0,280.0,0,0,,,e54c8f10eed42e79c0ae35d2d1dae7c4534289221e834cc873849bf23878b692,3.13.13
"2,r,r,r",28,4,730,10,1,6,400.0,4025,0,8ddbf1da444305a57c12cf2b9c60b04f5ffbdd6b,1,797.0,120.0,280.0,0,0,,,e54c8f10eed42e79c0ae35d2d1dae7c4534289221e834cc873849bf23878b692,3.13.13
"2,r,r,r",28,4,730,10,1,6,400.0,4026,0,8ddbf1da444305a57c12cf2b9c60b04f5ffbdd6b,1,844.0,130.0,270.0,0,0,,,e54c8f10eed42e79c0ae35d2d1dae7c4534289221e834cc873849bf23878b692,3.13.13
"2,r,r,r",28,4,730,10,1,6,400.0,4027,0,8ddbf1da444305a57c12cf2b9c60b04f5ffbdd6b,1,1287.0,120.0,280.0,0,0,,,e54c8f10eed42e79c0ae35d2d1dae7c4534289221e834cc873849bf23878b692,3.13.13
"2,r,r,r",28,4,730,10,1,6,400.0,4028,0,8ddbf1da444305a57c12cf2b9c60b04f5ffbdd6b,1,859.0,120.0,280.0,0,0,,,e54c8f10eed42e79c0ae35d2d1dae7c4534289221e834cc873849bf23878b692,3.13.13
"2,r,r,r",28,4,730,10,1,6,400.0,4029,0,8ddbf1da444305a57c12cf2b9c60b04f5ffbdd6b,1,836.0,120.0,280.0,0,0,,,e54c8f10eed42e79c0ae35d2d1dae7c4534289221e834cc873849bf23878b692,3.13.13
"2,r,r,r",28,4,730,10,1,6,400.0,4030,0,8ddbf1da444305a57c12cf2b9c60b04f5ffbdd6b,1,565.0,120.0,280.0,0,0,,,e54c8f10eed42e79c0ae35d2d1dae7c4534289221e834cc873849bf23878b692,3.13.13
"2,r,r,r",28,4,730,10,2,6,120.0,4001,0,8ddbf1da444305a57c12cf2b9c60b04f5ffbdd6b,1,1116.0,120.0,0.0,0,0,,,e54c8f10eed42e79c0ae35d2d1dae7c4534289221e834cc873849bf23878b692,3.13.13
"2,r,r,r",28,4,730,10,2,6,120.0,4002,0,8ddbf1da444305a57c12cf2b9c60b04f5ffbdd6b,1,1929.0,120.0,0.0,0,0,,,e54c8f10eed42e79c0ae35d2d1dae7c4534289221e834cc873849bf23878b692,3.13.13
"2,r,r,r",28,4,730,10,2,6,120.0,4003,0,8ddbf1da444305a57c12cf2b9c60b04f5ffbdd6b,1,1488.0,120.0,0.0,0,0,,,e54c8f10eed42e79c0ae35d2d1dae7c4534289221e834cc873849bf23878b692,3.13.13
"2,r,r,r",28,4,730,10,2,6,120.0,4004,0,8ddbf1da444305a57c12cf2b9c60b04f5ffbdd6b,1,1331.0,120.0,0.0,0,0,,,e54c8f10eed42e79c0ae35d2d1dae7c4534289221e834cc873849bf23878b692,3.13.13
"2,r,r,r",28,4,730,10,2,6,120.0,4005,0,8ddbf1da444305a57c12cf2b9c60b04f5ffbdd6b,1,1181.0,120.0,0.0,0,0,,,e54c8f10eed42e79c0ae35d2d1dae7c4534289221e834cc873849bf23878b692,3.13.13
"2,r,r,r",28,4,730,10,2,6,120.0,4006,0,8ddbf1da444305a57c12cf2b9c60b04f5ffbdd6b,1,1734.0,120.0,0.0,0,0,,,e54c8f10eed42e79c0ae35d2d1dae7c4534289221e834cc873849bf23878b692,3.13.13
"2,r,r,r",28,4,730,10,2,6,120.0,4007,0,8ddbf1da444305a57c12cf2b9c60b04f5ffbdd6b,1,1135.0,120.0,0.0,0,0,,,e54c8f10eed42e79c0ae35d2d1dae7c4534289221e834cc873849bf23878b692,3.13.13
"2,r,r,r",28,4,730,10,2,6,120.0,4008,0,8ddbf1da444305a57c12cf2b9c60b04f5ffbdd6b,1,1582.0,120.0,0.0,0,0,,,e54c8f10eed42e79c0ae35d2d1dae7c4534289221e834cc873849bf23878b692,3.13.13
"2,r,r,r",28,4,730,10,2,6,120.0,4009,0,8ddbf1da444305a57c12cf2b9c60b04f5ffbdd6b,1,1178.0,120.0,0.0,0,0,,,e54c8f10eed42e79c0ae35d2d1dae7c4534289221e834cc873849bf23878b692,3.13.13
"2,r,r,r",28,4,730,10,2,6,120.0,4010,0,8ddbf1da444305a57c12cf2b9c60b04f5ffbdd6b,1,932.0,120.0,0.0,0,0,,,e54c8f10eed42e79c0ae35d2d1dae7c4534289221e834cc873849bf23878b692,3.13.13
"2,r,r,r",28,4,730,10,2,6,120.0,4011,0,8ddbf1da444305a57c12cf2b9c60b04f5ffbdd6b,1,1629.0,120.0,0.0,0,0,,,e54c8f10eed42e79c0ae35d2d1dae7c4534289221e834cc873849bf23878b692,3.13.13
"2,r,r,r",28,4,730,10,2,6,120.0,4012,0,8ddbf1da444305a57c12cf2b9c60b04f5ffbdd6b,1,1646.0,120.0,0.0,0,0,,,e54c8f10eed42e79c0ae35d2d1dae7c4534289221e834cc873849bf23878b692,3.13.13
"2,r,r,r",28,4,730,10,2,6,120.0,4013,0,8ddbf1da444305a57c12cf2b9c60b04f5ffbdd6b,1,1727.0,120.0,0.0,0,0,,,e54c8f10eed42e79c0ae35d2d1dae7c4534289221e834cc873849bf23878b692,3.13.13
"2,r,r,r",28,4,730,10,2,6,120.0,4014,0,8ddbf1da444305a57c12cf2b9c60b04f5ffbdd6b,1,1866.0,120.0,0.0,0,0,,,e54c8f10eed42e79c0ae35d2d1dae7c4534289221e834cc873849bf23878b692,3.13.13
"2,r,r,r",28,4,730,10,2,6,120.0,4015,0,8ddbf1da444305a57c12cf2b9c60b04f5ffbdd6b,1,923.0,120.0,0.0,0,0,,,e54c8f10eed42e79c0ae35d2d1dae7c4534289221e834cc873849bf23878b692,3.13.13
"2,r,r,r",28,4,730,10,2,6,120.0,4016,0,8ddbf1da444305a57c12cf2b9c60b04f5ffbdd6b,1,1058.0,120.0,0.0,0,0,,,e54c8f10eed42e79c0ae35d2d1dae7c4534289221e834cc873849bf23878b692,3.13.13
"2,r,r,r",28,4,730,10,2,6,120.0,4017,0,8ddbf1da444305a57c12cf2b9c60b04f5ffbdd6b,1,765.0,120.0,0.0,0,0,,,e54c8f10eed42e79c0ae35d2d1dae7c4534289221e834cc873849bf23878b692,3.13.13
"2,r,r,r",28,4,730,10,2,6,120.0,4018,0,8ddbf1da444305a57c12cf2b9c60b04f5ffbdd6b,1,1984.0,120.0,0.0,0,0,,,e54c8f10eed42e79c0ae35d2d1dae7c4534289221e834cc873849bf23878b692,3.13.13
"2,r,r,r",28,4,730,10,2,6,120.0,4019,0,8ddbf1da444305a57c12cf2b9c60b04f5ffbdd6b,1,1169.0,120.0,0.0,0,0,,,e54c8f10eed42e79c0ae35d2d1dae7c4534289221e834cc873849bf23878b692,3.13.13
"2,r,r,r",28,4,730,10,2,6,120.0,4020,0,8ddbf1da444305a57c12cf2b9c60b04f5ffbdd6b,1,1333.0,120.0,0.0,0,0,,,e54c8f10eed42e79c0ae35d2d1dae7c4534289221e834cc873849bf23878b692,3.13.13
"2,r,r,r",28,4,730,10,2,6,120.0,4021,0,8ddbf1da444305a57c12cf2b9c60b04f5ffbdd6b,1,1224.0,120.0,0.0,0,0,,,e54c8f10eed42e79c0ae35d2d1dae7c4534289221e834cc873849bf23878b692,3.13.13
"2,r,r,r",28,4,730,10,2,6,120.0,4022,0,8ddbf1da444305a57c12cf2b9c60b04f5ffbdd6b,1,1305.0,120.0,0.0,0,0,,,e54c8f10eed42e79c0ae35d2d1dae7c4534289221e834cc873849bf23878b692,3.13.13
"2,r,r,r",28,4,730,10,2,6,120.0,4023,0,8ddbf1da444305a57c12cf2b9c60b04f5ffbdd6b,1,931.0,120.0,0.0,0,0,,,e54c8f10eed42e79c0ae35d2d1dae7c4534289221e834cc873849bf23878b692,3.13.13
"2,r,r,r",28,4,730,10,2,6,120.0,4024,0,8ddbf1da444305a57c12cf2b9c60b04f5ffbdd6b,1,698.0,120.0,0.0,0,0,,,e54c8f10eed42e79c0ae35d2d1dae7c4534289221e834cc873849bf23878b692,3.13.13
"2,r,r,r",28,4,730,10,2,6,120.0,4025,0,8ddbf1da444305a57c12cf2b9c60b04f5ffbdd6b,1,935.0,120.0,0.0,0,0,,,e54c8f10eed42e79c0ae35d2d1dae7c4534289221e834cc873849bf23878b692,3.13.13
"2,r,r,r",28,4,730,10,2,6,120.0,4026,0,8ddbf1da444305a57c12cf2b9c60b04f5ffbdd6b,1,1492.0,120.0,0.0,0,0,,,e54c8f10eed42e79c0ae35d2d1dae7c4534289221e834cc873849bf23878b692,3.13.13
"2,r,r,r",28,4,730,10,2,6,120.0,4027,0,8ddbf1da444305a57c12cf2b9c60b04f5ffbdd6b,1,1826.0,120.0,0.0,0,0,,,e54c8f10eed42e79c0ae35d2d1dae7c4534289221e834cc873849bf23878b692,3.13.13
"2,r,r,r",28,4,730,10,2,6,120.0,4028,0,8ddbf1da444305a57c12cf2b9c60b04f5ffbdd6b,1,1238.0,120.0,0.0,0,0,,,e54c8f10eed42e79c0ae35d2d1dae7c4534289221e834cc873849bf23878b692,3.13.13
"2,r,r,r",28,4,730,10,2,6,120.0,4029,0,8ddbf1da444305a57c12cf2b9c60b04f5ffbdd6b,1,602.0,120.0,0.0,0,0,,,e54c8f10eed42e79c0ae35d2d1dae7c4534289221e834cc873849bf23878b692,3.13.13
"2,r,r,r",28,4,730,10,2,6,120.0,4030,0,8ddbf1da444305a57c12cf2b9c60b04f5ffbdd6b,1,1178.0,120.0,0.0,0,0,,,e54c8f10eed42e79c0ae35d2d1dae7c4534289221e834cc873849bf23878b692,3.13.13
"2,r,r,r",28,4,730,10,2,6,400.0,4001,0,8ddbf1da444305a57c12cf2b9c60b04f5ffbdd6b,1,817.0,120.0,280.0,0,0,,,e54c8f10eed42e79c0ae35d2d1dae7c4534289221e834cc873849bf23878b692,3.13.13
"2,r,r,r",28,4,730,10,2,6,400.0,4002,0,8ddbf1da444305a57c12cf2b9c60b04f5ffbdd6b,1,780.0,120.0,280.0,0,0,,,e54c8f10eed42e79c0ae35d2d1dae7c4534289221e834cc873849bf23878b692,3.13.13
"2,r,r,r",28,4,730,10,2,6,400.0,4003,0,8ddbf1da444305a57c12cf2b9c60b04f5ffbdd6b,1,1192.0,120.0,280.0,0,0,,,e54c8f10eed42e79c0ae35d2d1dae7c4534289221e834cc873849bf23878b692,3.13.13
"2,r,r,r",28,4,730,10,2,6,400.0,4004,0,8ddbf1da444305a57c12cf2b9c60b04f5ffbdd6b,1,1164.0,120.0,280.0,0,0,,,e54c8f10eed42e79c0ae35d2d1dae7c4534289221e834cc873849bf23878b692,3.13.13
"2,r,r,r",28,4,730,10,2,6,400.0,4005,0,8ddbf1da444305a57c12cf2b9c60b04f5ffbdd6b,1,1151.0,120.0,280.0,0,0,,,e54c8f10eed42e79c0ae35d2d1dae7c4534289221e834cc873849bf23878b692,3.13.13
"2,r,r,r",28,4,730,10,2,6,400.0,4006,0,8ddbf1da444305a57c12cf2b9c60b04f5ffbdd6b,1,633.0,120.0,280.0,0,0,,,e54c8f10eed42e79c0ae35d2d1dae7c4534289221e834cc873849bf23878b692,3.13.13
"2,r,r,r",28,4,730,10,2,6,400.0,4007,0,8ddbf1da444305a57c12cf2b9c60b04f5ffbdd6b,1,1094.0,130.0,270.0,0,0,,,e54c8f10eed42e79c0ae35d2d1dae7c4534289221e834cc873849bf23878b692,3.13.13
"2,r,r,r",28,4,730,10,2,6,400.0,4008,0,8ddbf1da444305a57c12cf2b9c60b04f5ffbdd6b,1,1297.0,130.0,270.0,0,0,,,e54c8f10eed42e79c0ae35d2d1dae7c4534289221e834cc873849bf23878b692,3.13.13
"2,r,r,r",28,4,730,10,2,6,400.0,4009,0,8ddbf1da444305a57c12cf2b9c60b04f5ffbdd6b,1,669.0,120.0,280.0,0,0,,,e54c8f10eed42e79c0ae35d2d1dae7c4534289221e834cc873849bf23878b692,3.13.13
"2,r,r,r",28,4,730,10,2,6,400.0,4010,0,8ddbf1da444305a57c12cf2b9c60b04f5ffbdd6b,1,1032.0,120.0,280.0,0,0,,,e54c8f10eed42e79c0ae35d2d1dae7c4534289221e834cc873849bf23878b692,3.13.13
"2,r,r,r",28,4,730,10,2,6,400.0,4011,0,8ddbf1da444305a57c12cf2b9c60b04f5ffbdd6b,1,1033.0,120.0,280.0,0,0,,,e54c8f10eed42e79c0ae35d2d1dae7c4534289221e834cc873849bf23878b692,3.13.13
"2,r,r,r",28,4,730,10,2,6,400.0,4012,0,8ddbf1da444305a57c12cf2b9c60b04f5ffbdd6b,1,1037.0,120.0,280.0,0,0,,,e54c8f10eed42e79c0ae35d2d1dae7c4534289221e834cc873849bf23878b692,3.13.13
"2,r,r,r",28,4,730,10,2,6,400.0,4013,0,8ddbf1da444305a57c12cf2b9c60b04f5ffbdd6b,1,1029.0,120.0,280.0,0,0,,,e54c8f10eed42e79c0ae35d2d1dae7c4534289221e834cc873849bf23878b692,3.13.13
"2,r,r,r",28,4,730,10,2,6,400.0,4014,0,8ddbf1da444305a57c12cf2b9c60b04f5ffbdd6b,1,836.0,120.0,280.0,0,0,,,e54c8f10eed42e79c0ae35d2d1dae7c4534289221e834cc873849bf23878b692,3.13.13
"2,r,r,r",28,4,730,10,2,6,400.0,4015,0,8ddbf1da444305a57c12cf2b9c60b04f5ffbdd6b,1,914.0,120.0,280.0,0,0,,,e54c8f10eed42e79c0ae35d2d1dae7c4534289221e834cc873849bf23878b692,3.13.13
"2,r,r,r",28,4,730,10,2,6,400.0,4016,0,8ddbf1da444305a57c12cf2b9c60b04f5ffbdd6b,1,1167.0,120.0,280.0,0,0,,,e54c8f10eed42e79c0ae35d2d1dae7c4534289221e834cc873849bf23878b692,3.13.13
"2,r,r,r",28,4,730,10,2,6,400.0,4017,0,8ddbf1da444305a57c12cf2b9c60b04f5ffbdd6b,1,841.0,120.0,280.0,0,0,,,e54c8f10eed42e79c0ae35d2d1dae7c4534289221e834cc873849bf23878b692,3.13.13
"2,r,r,r",28,4,730,10,2,6,400.0,4018,0,8ddbf1da444305a57c12cf2b9c60b04f5ffbdd6b,1,1664.0,120.0,280.0,0,0,,,e54c8f10eed42e79c0ae35d2d1dae7c4534289221e834cc873849bf23878b692,3.13.13
"2,r,r,r",28,4,730,10,2,6,400.0,4019,0,8ddbf1da444305a57c12cf2b9c60b04f5ffbdd6b,1,933.0,120.0,280.0,0,0,,,e54c8f10eed42e79c0ae35d2d1dae7c4534289221e834cc873849bf23878b692,3.13.13
"2,r,r,r",28,4,730,10,2,6,400.0,4020,0,8ddbf1da444305a57c12cf2b9c60b04f5ffbdd6b,1,742.0,120.0,280.0,0,0,,,e54c8f10eed42e79c0ae35d2d1dae7c4534289221e834cc873849bf23878b692,3.13.13
"2,r,r,r",28,4,730,10,2,6,400.0,4021,0,8ddbf1da444305a57c12cf2b9c60b04f5ffbdd6b,1,1035.0,120.0,280.0,0,0,,,e54c8f10eed42e79c0ae35d2d1dae7c4534289221e834cc873849bf23878b692,3.13.13
"2,r,r,r",28,4,730,10,2,6,400.0,4022,0,8ddbf1da444305a57c12cf2b9c60b04f5ffbdd6b,1,1219.0,120.0,280.0,0,0,,,e54c8f10eed42e79c0ae35d2d1dae7c4534289221e834cc873849bf23878b692,3.13.13
"2,r,r,r",28,4,730,10,2,6,400.0,4023,0,8ddbf1da444305a57c12cf2b9c60b04f5ffbdd6b,1,375.0,120.0,280.0,0,0,,,e54c8f10eed42e79c0ae35d2d1dae7c4534289221e834cc873849bf23878b692,3.13.13
"2,r,r,r",28,4,730,10,2,6,400.0,4024,0,8ddbf1da444305a57c12cf2b9c60b04f5ffbdd6b,1,1028.0,120.0,280.0,0,0,,,e54c8f10eed42e79c0ae35d2d1dae7c4534289221e834cc873849bf23878b692,3.13.13
"2,r,r,r",28,4,730,10,2,6,400.0,4025,0,8ddbf1da444305a57c12cf2b9c60b04f5ffbdd6b,1,797.0,120.0,280.0,0,0,,,e54c8f10eed42e79c0ae35d2d1dae7c4534289221e834cc873849bf23878b692,3.13.13
"2,r,r,r",28,4,730,10,2,6,400.0,4026,0,8ddbf1da444305a57c12cf2b9c60b04f5ffbdd6b,1,844.0,130.0,270.0,0,0,,,e54c8f10eed42e79c0ae35d2d1dae7c4534289221e834cc873849bf23878b692,3.13.13
"2,r,r,r",28,4,730,10,2,6,400.0,4027,0,8ddbf1da444305a57c12cf2b9c60b04f5ffbdd6b,1,1287.0,120.0,280.0,0,0,,,e54c8f10eed42e79c0ae35d2d1dae7c4534289221e834cc873849bf23878b692,3.13.13
"2,r,r,r",28,4,730,10,2,6,400.0,4028,0,8ddbf1da444305a57c12cf2b9c60b04f5ffbdd6b,1,956.0,120.0,280.0,0,0,,,e54c8f10eed42e79c0ae35d2d1dae7c4534289221e834cc873849bf23878b692,3.13.13
"2,r,r,r",28,4,730,10,2,6,400.0,4029,0,8ddbf1da444305a57c12cf2b9c60b04f5ffbdd6b,1,836.0,120.0,280.0,0,0,,,e54c8f10eed42e79c0ae35d2d1dae7c4534289221e834cc873849bf23878b692,3.13.13
"2,r,r,r",28,4,730,10,2,6,400.0,4030,0,8ddbf1da444305a57c12cf2b9c60b04f5ffbdd6b,1,716.0,120.0,280.0,0,0,,,e54c8f10eed42e79c0ae35d2d1dae7c4534289221e834cc873849bf23878b692,3.13.13
"2,7,7,7",28,4,730,40,1,6,120.0,4001,0,8ddbf1da444305a57c12cf2b9c60b04f5ffbdd6b,1,983.0,120.0,0.0,0,0,,708,5484f6cea5509ccedf49dd6781f0eb4c40d0116bf56e4bea56f38730ce1d4269,3.13.13
"2,7,7,7",28,4,730,40,1,6,120.0,4002,0,8ddbf1da444305a57c12cf2b9c60b04f5ffbdd6b,1,1054.0,120.0,0.0,0,0,,,5484f6cea5509ccedf49dd6781f0eb4c40d0116bf56e4bea56f38730ce1d4269,3.13.13
"2,7,7,7",28,4,730,40,1,6,120.0,4003,0,8ddbf1da444305a57c12cf2b9c60b04f5ffbdd6b,1,267.0,120.0,0.0,0,0,,,5484f6cea5509ccedf49dd6781f0eb4c40d0116bf56e4bea56f38730ce1d4269,3.13.13
"2,7,7,7",28,4,730,40,1,6,120.0,4004,0,8ddbf1da444305a57c12cf2b9c60b04f5ffbdd6b,1,719.0,120.0,0.0,0,0,,,5484f6cea5509ccedf49dd6781f0eb4c40d0116bf56e4bea56f38730ce1d4269,3.13.13
"2,7,7,7",28,4,730,40,1,6,120.0,4005,0,8ddbf1da444305a57c12cf2b9c60b04f5ffbdd6b,1,350.0,120.0,0.0,0,0,,,5484f6cea5509ccedf49dd6781f0eb4c40d0116bf56e4bea56f38730ce1d4269,3.13.13
"2,7,7,7",28,4,730,40,1,6,120.0,4006,0,8ddbf1da444305a57c12cf2b9c60b04f5ffbdd6b,1,1078.0,120.0,0.0,0,0,,,5484f6cea5509ccedf49dd6781f0eb4c40d0116bf56e4bea56f38730ce1d4269,3.13.13
"2,7,7,7",28,4,730,40,1,6,120.0,4007,0,8ddbf1da444305a57c12cf2b9c60b04f5ffbdd6b,1,1173.0,120.0,0.0,0,0,,716,5484f6cea5509ccedf49dd6781f0eb4c40d0116bf56e4bea56f38730ce1d4269,3.13.13
"2,7,7,7",28,4,730,40,1,6,120.0,4008,0,8ddbf1da444305a57c12cf2b9c60b04f5ffbdd6b,1,800.0,120.0,0.0,0,0,,,5484f6cea5509ccedf49dd6781f0eb4c40d0116bf56e4bea56f38730ce1d4269,3.13.13
"2,7,7,7",28,4,730,40,1,6,120.0,4009,0,8ddbf1da444305a57c12cf2b9c60b04f5ffbdd6b,1,1049.0,120.0,0.0,0,0,,,5484f6cea5509ccedf49dd6781f0eb4c40d0116bf56e4bea56f38730ce1d4269,3.13.13
"2,7,7,7",28,4,730,40,1,6,120.0,4010,0,8ddbf1da444305a57c12cf2b9c60b04f5ffbdd6b,1,1518.0,120.0,0.0,0,0,,,5484f6cea5509ccedf49dd6781f0eb4c40d0116bf56e4bea56f38730ce1d4269,3.13.13
"2,7,7,7",28,4,730,40,1,6,120.0,4011,0,8ddbf1da444305a57c12cf2b9c60b04f5ffbdd6b,1,732.0,120.0,0.0,0,0,,,5484f6cea5509ccedf49dd6781f0eb4c40d0116bf56e4bea56f38730ce1d4269,3.13.13
"2,7,7,7",28,4,730,40,1,6,120.0,4012,0,8ddbf1da444305a57c12cf2b9c60b04f5ffbdd6b,1,148.0,120.0,0.0,0,0,,,5484f6cea5509ccedf49dd6781f0eb4c40d0116bf56e4bea56f38730ce1d4269,3.13.13
"2,7,7,7",28,4,730,40,1,6,120.0,4013,0,8ddbf1da444305a57c12cf2b9c60b04f5ffbdd6b,1,1612.0,120.0,0.0,0,0,,693,5484f6cea5509ccedf49dd6781f0eb4c40d0116bf56e4bea56f38730ce1d4269,3.13.13
"2,7,7,7",28,4,730,40,1,6,120.0,4014,0,8ddbf1da444305a57c12cf2b9c60b04f5ffbdd6b,1,983.0,120.0,0.0,0,0,,713,5484f6cea5509ccedf49dd6781f0eb4c40d0116bf56e4bea56f38730ce1d4269,3.13.13
"2,7,7,7",28,4,730,40,1,6,120.0,4015,0,8ddbf1da444305a57c12cf2b9c60b04f5ffbdd6b,1,1342.0,120.0,0.0,0,0,,,5484f6cea5509ccedf49dd6781f0eb4c40d0116bf56e4bea56f38730ce1d4269,3.13.13
"2,7,7,7",28,4,730,40,1,6,120.0,4016,0,8ddbf1da444305a57c12cf2b9c60b04f5ffbdd6b,1,2132.0,120.0,0.0,0,0,,726,5484f6cea5509ccedf49dd6781f0eb4c40d0116bf56e4bea56f38730ce1d4269,3.13.13
"2,7,7,7",28,4,730,40,1,6,120.0,4017,0,8ddbf1da444305a57c12cf2b9c60b04f5ffbdd6b,1,1575.0,120.0,0.0,0,0,,690,5484f6cea5509ccedf49dd6781f0eb4c40d0116bf56e4bea56f38730ce1d4269,3.13.13
"2,7,7,7",28,4,730,40,1,6,120.0,4018,0,8ddbf1da444305a57c12cf2b9c60b04f5ffbdd6b,1,463.0,120.0,0.0,0,0,,,5484f6cea5509ccedf49dd6781f0eb4c40d0116bf56e4bea56f38730ce1d4269,3.13.13
"2,7,7,7",28,4,730,40,1,6,120.0,4019,0,8ddbf1da444305a57c12cf2b9c60b04f5ffbdd6b,1,834.0,120.0,0.0,0,0,,,5484f6cea5509ccedf49dd6781f0eb4c40d0116bf56e4bea56f38730ce1d4269,3.13.13
"2,7,7,7",28,4,730,40,1,6,120.0,4020,0,8ddbf1da444305a57c12cf2b9c60b04f5ffbdd6b,1,1038.0,120.0,0.0,0,0,,690,5484f6cea5509ccedf49dd6781f0eb4c40d0116bf56e4bea56f38730ce1d4269,3.13.13
"2,7,7,7",28,4,730,40,1,6,120.0,4021,0,8ddbf1da444305a57c12cf2b9c60b04f5ffbdd6b,1,1594.0,120.0,0.0,0,0,,711,5484f6cea5509ccedf49dd6781f0eb4c40d0116bf56e4bea56f38730ce1d4269,3.13.13
"2,7,7,7",28,4,730,40,1,6,120.0,4022,0,8ddbf1da444305a57c12cf2b9c60b04f5ffbdd6b,1,1416.0,120.0,0.0,0,0,,725,5484f6cea5509ccedf49dd6781f0eb4c40d0116bf56e4bea56f38730ce1d4269,3.13.13
"2,7,7,7",28,4,730,40,1,6,120.0,4023,0,8ddbf1da444305a57c12cf2b9c60b04f5ffbdd6b,1,814.0,120.0,0.0,0,0,,,5484f6cea5509ccedf49dd6781f0eb4c40d0116bf56e4bea56f38730ce1d4269,3.13.13
"2,7,7,7",28,4,730,40,1,6,120.0,4024,0,8ddbf1da444305a57c12cf2b9c60b04f5ffbdd6b,1,1129.0,120.0,0.0,0,0,,729,5484f6cea5509ccedf49dd6781f0eb4c40d0116bf56e4bea56f38730ce1d4269,3.13.13
"2,7,7,7",28,4,730,40,1,6,120.0,4025,0,8ddbf1da444305a57c12cf2b9c60b04f5ffbdd6b,1,655.0,120.0,0.0,0,0,,,5484f6cea5509ccedf49dd6781f0eb4c40d0116bf56e4bea56f38730ce1d4269,3.13.13
"2,7,7,7",28,4,730,40,1,6,120.0,4026,0,8ddbf1da444305a57c12cf2b9c60b04f5ffbdd6b,1,987.0,120.0,0.0,0,0,,,5484f6cea5509ccedf49dd6781f0eb4c40d0116bf56e4bea56f38730ce1d4269,3.13.13
"2,7,7,7",28,4,730,40,1,6,120.0,4027,0,8ddbf1da444305a57c12cf2b9c60b04f5ffbdd6b,1,1114.0,120.0,0.0,0,0,,691,5484f6cea5509ccedf49dd6781f0eb4c40d0116bf56e4bea56f38730ce1d4269,3.13.13
"2,7,7,7",28,4,730,40,1,6,120.0,4028,0,8ddbf1da444305a57c12cf2b9c60b04f5ffbdd6b,1,962.0,120.0,0.0,0,0,,698,5484f6cea5509ccedf49dd6781f0eb4c40d0116bf56e4bea56f38730ce1d4269,3.13.13
"2,7,7,7",28,4,730,40,1,6,120.0,4029,0,8ddbf1da444305a57c12cf2b9c60b04f5ffbdd6b,1,880.0,120.0,0.0,0,0,,,5484f6cea5509ccedf49dd6781f0eb4c40d0116bf56e4bea56f38730ce1d4269,3.13.13
"2,7,7,7",28,4,730,40,1,6,120.0,4030,0,8ddbf1da444305a57c12cf2b9c60b04f5ffbdd6b,1,1138.0,120.0,0.0,0,0,,725,5484f6cea5509ccedf49dd6781f0eb4c40d0116bf56e4bea56f38730ce1d4269,3.13.13
"2,7,7,7",28,4,730,40,1,6,400.0,4001,0,8ddbf1da444305a57c12cf2b9c60b04f5ffbdd6b,1,489.0,400.0,0.0,0,0,,,5484f6cea5509ccedf49dd6781f0eb4c40d0116bf56e4bea56f38730ce1d4269,3.13.13
"2,7,7,7",28,4,730,40,1,6,400.0,4002,0,8ddbf1da444305a57c12cf2b9c60b04f5ffbdd6b,1,174.0,400.0,0.0,0,0,,,5484f6cea5509ccedf49dd6781f0eb4c40d0116bf56e4bea56f38730ce1d4269,3.13.13
"2,7,7,7",28,4,730,40,1,6,400.0,4003,0,8ddbf1da444305a57c12cf2b9c60b04f5ffbdd6b,1,361.0,400.0,0.0,0,0,,,5484f6cea5509ccedf49dd6781f0eb4c40d0116bf56e4bea56f38730ce1d4269,3.13.13
"2,7,7,7",28,4,730,40,1,6,400.0,4004,0,8ddbf1da444305a57c12cf2b9c60b04f5ffbdd6b,1,468.0,400.0,0.0,0,0,,,5484f6cea5509ccedf49dd6781f0eb4c40d0116bf56e4bea56f38730ce1d4269,3.13.13
"2,7,7,7",28,4,730,40,1,6,400.0,4005,0,8ddbf1da444305a57c12cf2b9c60b04f5ffbdd6b,1,244.0,400.0,0.0,0,0,,,5484f6cea5509ccedf49dd6781f0eb4c40d0116bf56e4bea56f38730ce1d4269,3.13.13
"2,7,7,7",28,4,730,40,1,6,400.0,4006,0,8ddbf1da444305a57c12cf2b9c60b04f5ffbdd6b,1,179.0,400.0,0.0,0,0,,725,5484f6cea5509ccedf49dd6781f0eb4c40d0116bf56e4bea56f38730ce1d4269,3.13.13
"2,7,7,7",28,4,730,40,1,6,400.0,4007,0,8ddbf1da444305a57c12cf2b9c60b04f5ffbdd6b,1,301.0,400.0,0.0,0,0,,,5484f6cea5509ccedf49dd6781f0eb4c40d0116bf56e4bea56f38730ce1d4269,3.13.13
"2,7,7,7",28,4,730,40,1,6,400.0,4008,0,8ddbf1da444305a57c12cf2b9c60b04f5ffbdd6b,1,306.0,400.0,0.0,0,0,,,5484f6cea5509ccedf49dd6781f0eb4c40d0116bf56e4bea56f38730ce1d4269,3.13.13
"2,7,7,7",28,4,730,40,1,6,400.0,4009,0,8ddbf1da444305a57c12cf2b9c60b04f5ffbdd6b,1,286.0,400.0,0.0,0,0,,726,5484f6cea5509ccedf49dd6781f0eb4c40d0116bf56e4bea56f38730ce1d4269,3.13.13
"2,7,7,7",28,4,730,40,1,6,400.0,4010,0,8ddbf1da444305a57c12cf2b9c60b04f5ffbdd6b,1,1039.0,400.0,0.0,0,0,,,5484f6cea5509ccedf49dd6781f0eb4c40d0116bf56e4bea56f38730ce1d4269,3.13.13
"2,7,7,7",28,4,730,40,1,6,400.0,4011,0,8ddbf1da444305a57c12cf2b9c60b04f5ffbdd6b,1,577.0,400.0,0.0,0,0,,,5484f6cea5509ccedf49dd6781f0eb4c40d0116bf56e4bea56f38730ce1d4269,3.13.13
"2,7,7,7",28,4,730,40,1,6,400.0,4012,0,8ddbf1da444305a57c12cf2b9c60b04f5ffbdd6b,1,195.0,400.0,0.0,0,0,,,5484f6cea5509ccedf49dd6781f0eb4c40d0116bf56e4bea56f38730ce1d4269,3.13.13
"2,7,7,7",28,4,730,40,1,6,400.0,4013,0,8ddbf1da444305a57c12cf2b9c60b04f5ffbdd6b,1,840.0,400.0,0.0,0,0,,,5484f6cea5509ccedf49dd6781f0eb4c40d0116bf56e4bea56f38730ce1d4269,3.13.13
"2,7,7,7",28,4,730,40,1,6,400.0,4014,0,8ddbf1da444305a57c12cf2b9c60b04f5ffbdd6b,1,489.0,400.0,0.0,0,0,,726,5484f6cea5509ccedf49dd6781f0eb4c40d0116bf56e4bea56f38730ce1d4269,3.13.13
"2,7,7,7",28,4,730,40,1,6,400.0,4015,0,8ddbf1da444305a57c12cf2b9c60b04f5ffbdd6b,1,728.0,400.0,0.0,0,0,,,5484f6cea5509ccedf49dd6781f0eb4c40d0116bf56e4bea56f38730ce1d4269,3.13.13
"2,7,7,7",28,4,730,40,1,6,400.0,4016,0,8ddbf1da444305a57c12cf2b9c60b04f5ffbdd6b,1,367.0,400.0,0.0,0,0,,,5484f6cea5509ccedf49dd6781f0eb4c40d0116bf56e4bea56f38730ce1d4269,3.13.13
"2,7,7,7",28,4,730,40,1,6,400.0,4017,0,8ddbf1da444305a57c12cf2b9c60b04f5ffbdd6b,1,917.0,400.0,0.0,0,0,,,5484f6cea5509ccedf49dd6781f0eb4c40d0116bf56e4bea56f38730ce1d4269,3.13.13
"2,7,7,7",28,4,730,40,1,6,400.0,4018,0,8ddbf1da444305a57c12cf2b9c60b04f5ffbdd6b,1,381.0,400.0,0.0,0,0,,,5484f6cea5509ccedf49dd6781f0eb4c40d0116bf56e4bea56f38730ce1d4269,3.13.13
"2,7,7,7",28,4,730,40,1,6,400.0,4019,0,8ddbf1da444305a57c12cf2b9c60b04f5ffbdd6b,1,434.0,400.0,0.0,0,0,,,5484f6cea5509ccedf49dd6781f0eb4c40d0116bf56e4bea56f38730ce1d4269,3.13.13
"2,7,7,7",28,4,730,40,1,6,400.0,4020,0,8ddbf1da444305a57c12cf2b9c60b04f5ffbdd6b,1,891.0,400.0,0.0,0,0,,726,5484f6cea5509ccedf49dd6781f0eb4c40d0116bf56e4bea56f38730ce1d4269,3.13.13
"2,7,7,7",28,4,730,40,1,6,400.0,4021,0,8ddbf1da444305a57c12cf2b9c60b04f5ffbdd6b,1,607.0,400.0,0.0,0,0,,726,5484f6cea5509ccedf49dd6781f0eb4c40d0116bf56e4bea56f38730ce1d4269,3.13.13
"2,7,7,7",28,4,730,40,1,6,400.0,4022,0,8ddbf1da444305a57c12cf2b9c60b04f5ffbdd6b,1,532.0,400.0,0.0,0,0,,,5484f6cea5509ccedf49dd6781f0eb4c40d0116bf56e4bea56f38730ce1d4269,3.13.13
"2,7,7,7",28,4,730,40,1,6,400.0,4023,0,8ddbf1da444305a57c12cf2b9c60b04f5ffbdd6b,1,278.0,400.0,0.0,0,0,,725,5484f6cea5509ccedf49dd6781f0eb4c40d0116bf56e4bea56f38730ce1d4269,3.13.13
"2,7,7,7",28,4,730,40,1,6,400.0,4024,0,8ddbf1da444305a57c12cf2b9c60b04f5ffbdd6b,1,465.0,400.0,0.0,0,0,,,5484f6cea5509ccedf49dd6781f0eb4c40d0116bf56e4bea56f38730ce1d4269,3.13.13
"2,7,7,7",28,4,730,40,1,6,400.0,4025,0,8ddbf1da444305a57c12cf2b9c60b04f5ffbdd6b,1,327.0,400.0,0.0,0,0,,,5484f6cea5509ccedf49dd6781f0eb4c40d0116bf56e4bea56f38730ce1d4269,3.13.13
"2,7,7,7",28,4,730,40,1,6,400.0,4026,0,8ddbf1da444305a57c12cf2b9c60b04f5ffbdd6b,1,954.0,400.0,0.0,0,0,,,5484f6cea5509ccedf49dd6781f0eb4c40d0116bf56e4bea56f38730ce1d4269,3.13.13
"2,7,7,7",28,4,730,40,1,6,400.0,4027,0,8ddbf1da444305a57c12cf2b9c60b04f5ffbdd6b,1,1145.0,400.0,0.0,0,0,,,5484f6cea5509ccedf49dd6781f0eb4c40d0116bf56e4bea56f38730ce1d4269,3.13.13
"2,7,7,7",28,4,730,40,1,6,400.0,4028,0,8ddbf1da444305a57c12cf2b9c60b04f5ffbdd6b,1,261.0,400.0,0.0,0,0,,,5484f6cea5509ccedf49dd6781f0eb4c40d0116bf56e4bea56f38730ce1d4269,3.13.13
"2,7,7,7",28,4,730,40,1,6,400.0,4029,0,8ddbf1da444305a57c12cf2b9c60b04f5ffbdd6b,1,226.0,400.0,0.0,0,0,,727,5484f6cea5509ccedf49dd6781f0eb4c40d0116bf56e4bea56f38730ce1d4269,3.13.13
"2,7,7,7",28,4,730,40,1,6,400.0,4030,0,8ddbf1da444305a57c12cf2b9c60b04f5ffbdd6b,1,608.0,400.0,0.0,0,0,,726,5484f6cea5509ccedf49dd6781f0eb4c40d0116bf56e4bea56f38730ce1d4269,3.13.13
"2,7,7,7",28,4,730,40,2,6,120.0,4001,0,8ddbf1da444305a57c12cf2b9c60b04f5ffbdd6b,1,983.0,120.0,0.0,0,0,,708,5484f6cea5509ccedf49dd6781f0eb4c40d0116bf56e4bea56f38730ce1d4269,3.13.13
"2,7,7,7",28,4,730,40,2,6,120.0,4002,0,8ddbf1da444305a57c12cf2b9c60b04f5ffbdd6b,1,1054.0,120.0,0.0,0,0,,,5484f6cea5509ccedf49dd6781f0eb4c40d0116bf56e4bea56f38730ce1d4269,3.13.13
"2,7,7,7",28,4,730,40,2,6,120.0,4003,0,8ddbf1da444305a57c12cf2b9c60b04f5ffbdd6b,1,267.0,120.0,0.0,0,0,,,5484f6cea5509ccedf49dd6781f0eb4c40d0116bf56e4bea56f38730ce1d4269,3.13.13
"2,7,7,7",28,4,730,40,2,6,120.0,4004,0,8ddbf1da444305a57c12cf2b9c60b04f5ffbdd6b,1,719.0,120.0,0.0,0,0,,,5484f6cea5509ccedf49dd6781f0eb4c40d0116bf56e4bea56f38730ce1d4269,3.13.13
"2,7,7,7",28,4,730,40,2,6,120.0,4005,0,8ddbf1da444305a57c12cf2b9c60b04f5ffbdd6b,1,350.0,120.0,0.0,0,0,,,5484f6cea5509ccedf49dd6781f0eb4c40d0116bf56e4bea56f38730ce1d4269,3.13.13
"2,7,7,7",28,4,730,40,2,6,120.0,4006,0,8ddbf1da444305a57c12cf2b9c60b04f5ffbdd6b,1,1078.0,120.0,0.0,0,0,,,5484f6cea5509ccedf49dd6781f0eb4c40d0116bf56e4bea56f38730ce1d4269,3.13.13
"2,7,7,7",28,4,730,40,2,6,120.0,4007,0,8ddbf1da444305a57c12cf2b9c60b04f5ffbdd6b,1,1173.0,120.0,0.0,0,0,,716,5484f6cea5509ccedf49dd6781f0eb4c40d0116bf56e4bea56f38730ce1d4269,3.13.13
"2,7,7,7",28,4,730,40,2,6,120.0,4008,0,8ddbf1da444305a57c12cf2b9c60b04f5ffbdd6b,1,800.0,120.0,0.0,0,0,,,5484f6cea5509ccedf49dd6781f0eb4c40d0116bf56e4bea56f38730ce1d4269,3.13.13
"2,7,7,7",28,4,730,40,2,6,120.0,4009,0,8ddbf1da444305a57c12cf2b9c60b04f5ffbdd6b,1,1049.0,120.0,0.0,0,0,,,5484f6cea5509ccedf49dd6781f0eb4c40d0116bf56e4bea56f38730ce1d4269,3.13.13
"2,7,7,7",28,4,730,40,2,6,120.0,4010,0,8ddbf1da444305a57c12cf2b9c60b04f5ffbdd6b,1,1518.0,120.0,0.0,0,0,,,5484f6cea5509ccedf49dd6781f0eb4c40d0116bf56e4bea56f38730ce1d4269,3.13.13
"2,7,7,7",28,4,730,40,2,6,120.0,4011,0,8ddbf1da444305a57c12cf2b9c60b04f5ffbdd6b,1,732.0,120.0,0.0,0,0,,,5484f6cea5509ccedf49dd6781f0eb4c40d0116bf56e4bea56f38730ce1d4269,3.13.13
"2,7,7,7",28,4,730,40,2,6,120.0,4012,0,8ddbf1da444305a57c12cf2b9c60b04f5ffbdd6b,1,148.0,120.0,0.0,0,0,,,5484f6cea5509ccedf49dd6781f0eb4c40d0116bf56e4bea56f38730ce1d4269,3.13.13
"2,7,7,7",28,4,730,40,2,6,120.0,4013,0,8ddbf1da444305a57c12cf2b9c60b04f5ffbdd6b,1,1612.0,120.0,0.0,0,0,,693,5484f6cea5509ccedf49dd6781f0eb4c40d0116bf56e4bea56f38730ce1d4269,3.13.13
"2,7,7,7",28,4,730,40,2,6,120.0,4014,0,8ddbf1da444305a57c12cf2b9c60b04f5ffbdd6b,1,983.0,120.0,0.0,0,0,,713,5484f6cea5509ccedf49dd6781f0eb4c40d0116bf56e4bea56f38730ce1d4269,3.13.13
"2,7,7,7",28,4,730,40,2,6,120.0,4015,0,8ddbf1da444305a57c12cf2b9c60b04f5ffbdd6b,1,1342.0,120.0,0.0,0,0,,,5484f6cea5509ccedf49dd6781f0eb4c40d0116bf56e4bea56f38730ce1d4269,3.13.13
"2,7,7,7",28,4,730,40,2,6,120.0,4016,0,8ddbf1da444305a57c12cf2b9c60b04f5ffbdd6b,1,2132.0,120.0,0.0,0,0,,726,5484f6cea5509ccedf49dd6781f0eb4c40d0116bf56e4bea56f38730ce1d4269,3.13.13
"2,7,7,7",28,4,730,40,2,6,120.0,4017,0,8ddbf1da444305a57c12cf2b9c60b04f5ffbdd6b,1,1575.0,120.0,0.0,0,0,,690,5484f6cea5509ccedf49dd6781f0eb4c40d0116bf56e4bea56f38730ce1d4269,3.13.13
"2,7,7,7",28,4,730,40,2,6,120.0,4018,0,8ddbf1da444305a57c12cf2b9c60b04f5ffbdd6b,1,463.0,120.0,0.0,0,0,,,5484f6cea5509ccedf49dd6781f0eb4c40d0116bf56e4bea56f38730ce1d4269,3.13.13
"2,7,7,7",28,4,730,40,2,6,120.0,4019,0,8ddbf1da444305a57c12cf2b9c60b04f5ffbdd6b,1,834.0,120.0,0.0,0,0,,,5484f6cea5509ccedf49dd6781f0eb4c40d0116bf56e4bea56f38730ce1d4269,3.13.13
"2,7,7,7",28,4,730,40,2,6,120.0,4020,0,8ddbf1da444305a57c12cf2b9c60b04f5ffbdd6b,1,1038.0,120.0,0.0,0,0,,690,5484f6cea5509ccedf49dd6781f0eb4c40d0116bf56e4bea56f38730ce1d4269,3.13.13
"2,7,7,7",28,4,730,40,2,6,120.0,4021,0,8ddbf1da444305a57c12cf2b9c60b04f5ffbdd6b,1,1594.0,120.0,0.0,0,0,,711,5484f6cea5509ccedf49dd6781f0eb4c40d0116bf56e4bea56f38730ce1d4269,3.13.13
"2,7,7,7",28,4,730,40,2,6,120.0,4022,0,8ddbf1da444305a57c12cf2b9c60b04f5ffbdd6b,1,999.0,120.0,0.0,0,0,,699,5484f6cea5509ccedf49dd6781f0eb4c40d0116bf56e4bea56f38730ce1d4269,3.13.13
"2,7,7,7",28,4,730,40,2,6,120.0,4023,0,8ddbf1da444305a57c12cf2b9c60b04f5ffbdd6b,1,481.0,120.0,0.0,0,0,,,5484f6cea5509ccedf49dd6781f0eb4c40d0116bf56e4bea56f38730ce1d4269,3.13.13
"2,7,7,7",28,4,730,40,2,6,120.0,4024,0,8ddbf1da444305a57c12cf2b9c60b04f5ffbdd6b,1,1129.0,120.0,0.0,0,0,,729,5484f6cea5509ccedf49dd6781f0eb4c40d0116bf56e4bea56f38730ce1d4269,3.13.13
"2,7,7,7",28,4,730,40,2,6,120.0,4025,0,8ddbf1da444305a57c12cf2b9c60b04f5ffbdd6b,1,655.0,120.0,0.0,0,0,,,5484f6cea5509ccedf49dd6781f0eb4c40d0116bf56e4bea56f38730ce1d4269,3.13.13
"2,7,7,7",28,4,730,40,2,6,120.0,4026,0,8ddbf1da444305a57c12cf2b9c60b04f5ffbdd6b,1,987.0,120.0,0.0,0,0,,,5484f6cea5509ccedf49dd6781f0eb4c40d0116bf56e4bea56f38730ce1d4269,3.13.13
"2,7,7,7",28,4,730,40,2,6,120.0,4027,0,8ddbf1da444305a57c12cf2b9c60b04f5ffbdd6b,1,1114.0,120.0,0.0,0,0,,691,5484f6cea5509ccedf49dd6781f0eb4c40d0116bf56e4bea56f38730ce1d4269,3.13.13
"2,7,7,7",28,4,730,40,2,6,120.0,4028,0,8ddbf1da444305a57c12cf2b9c60b04f5ffbdd6b,1,962.0,120.0,0.0,0,0,,698,5484f6cea5509ccedf49dd6781f0eb4c40d0116bf56e4bea56f38730ce1d4269,3.13.13
"2,7,7,7",28,4,730,40,2,6,120.0,4029,0,8ddbf1da444305a57c12cf2b9c60b04f5ffbdd6b,1,880.0,120.0,0.0,0,0,,,5484f6cea5509ccedf49dd6781f0eb4c40d0116bf56e4bea56f38730ce1d4269,3.13.13
"2,7,7,7",28,4,730,40,2,6,120.0,4030,0,8ddbf1da444305a57c12cf2b9c60b04f5ffbdd6b,1,1138.0,120.0,0.0,0,0,,725,5484f6cea5509ccedf49dd6781f0eb4c40d0116bf56e4bea56f38730ce1d4269,3.13.13
"2,7,7,7",28,4,730,40,2,6,400.0,4001,0,8ddbf1da444305a57c12cf2b9c60b04f5ffbdd6b,1,489.0,400.0,0.0,0,0,,,5484f6cea5509ccedf49dd6781f0eb4c40d0116bf56e4bea56f38730ce1d4269,3.13.13
"2,7,7,7",28,4,730,40,2,6,400.0,4002,0,8ddbf1da444305a57c12cf2b9c60b04f5ffbdd6b,1,174.0,400.0,0.0,0,0,,,5484f6cea5509ccedf49dd6781f0eb4c40d0116bf56e4bea56f38730ce1d4269,3.13.13
"2,7,7,7",28,4,730,40,2,6,400.0,4003,0,8ddbf1da444305a57c12cf2b9c60b04f5ffbdd6b,1,361.0,400.0,0.0,0,0,,,5484f6cea5509ccedf49dd6781f0eb4c40d0116bf56e4bea56f38730ce1d4269,3.13.13
"2,7,7,7",28,4,730,40,2,6,400.0,4004,0,8ddbf1da444305a57c12cf2b9c60b04f5ffbdd6b,1,468.0,400.0,0.0,0,0,,,5484f6cea5509ccedf49dd6781f0eb4c40d0116bf56e4bea56f38730ce1d4269,3.13.13
"2,7,7,7",28,4,730,40,2,6,400.0,4005,0,8ddbf1da444305a57c12cf2b9c60b04f5ffbdd6b,1,244.0,400.0,0.0,0,0,,,5484f6cea5509ccedf49dd6781f0eb4c40d0116bf56e4bea56f38730ce1d4269,3.13.13
"2,7,7,7",28,4,730,40,2,6,400.0,4006,0,8ddbf1da444305a57c12cf2b9c60b04f5ffbdd6b,1,179.0,400.0,0.0,0,0,,725,5484f6cea5509ccedf49dd6781f0eb4c40d0116bf56e4bea56f38730ce1d4269,3.13.13
"2,7,7,7",28,4,730,40,2,6,400.0,4007,0,8ddbf1da444305a57c12cf2b9c60b04f5ffbdd6b,1,301.0,400.0,0.0,0,0,,,5484f6cea5509ccedf49dd6781f0eb4c40d0116bf56e4bea56f38730ce1d4269,3.13.13
"2,7,7,7",28,4,730,40,2,6,400.0,4008,0,8ddbf1da444305a57c12cf2b9c60b04f5ffbdd6b,1,306.0,400.0,0.0,0,0,,,5484f6cea5509ccedf49dd6781f0eb4c40d0116bf56e4bea56f38730ce1d4269,3.13.13
"2,7,7,7",28,4,730,40,2,6,400.0,4009,0,8ddbf1da444305a57c12cf2b9c60b04f5ffbdd6b,1,286.0,400.0,0.0,0,0,,726,5484f6cea5509ccedf49dd6781f0eb4c40d0116bf56e4bea56f38730ce1d4269,3.13.13
"2,7,7,7",28,4,730,40,2,6,400.0,4010,0,8ddbf1da444305a57c12cf2b9c60b04f5ffbdd6b,1,1039.0,400.0,0.0,0,0,,,5484f6cea5509ccedf49dd6781f0eb4c40d0116bf56e4bea56f38730ce1d4269,3.13.13
"2,7,7,7",28,4,730,40,2,6,400.0,4011,0,8ddbf1da444305a57c12cf2b9c60b04f5ffbdd6b,1,519.0,400.0,0.0,0,0,,,5484f6cea5509ccedf49dd6781f0eb4c40d0116bf56e4bea56f38730ce1d4269,3.13.13
"2,7,7,7",28,4,730,40,2,6,400.0,4012,0,8ddbf1da444305a57c12cf2b9c60b04f5ffbdd6b,1,195.0,400.0,0.0,0,0,,,5484f6cea5509ccedf49dd6781f0eb4c40d0116bf56e4bea56f38730ce1d4269,3.13.13
"2,7,7,7",28,4,730,40,2,6,400.0,4013,0,8ddbf1da444305a57c12cf2b9c60b04f5ffbdd6b,1,840.0,400.0,0.0,0,0,,,5484f6cea5509ccedf49dd6781f0eb4c40d0116bf56e4bea56f38730ce1d4269,3.13.13
"2,7,7,7",28,4,730,40,2,6,400.0,4014,0,8ddbf1da444305a57c12cf2b9c60b04f5ffbdd6b,1,489.0,400.0,0.0,0,0,,726,5484f6cea5509ccedf49dd6781f0eb4c40d0116bf56e4bea56f38730ce1d4269,3.13.13
"2,7,7,7",28,4,730,40,2,6,400.0,4015,0,8ddbf1da444305a57c12cf2b9c60b04f5ffbdd6b,1,728.0,400.0,0.0,0,0,,,5484f6cea5509ccedf49dd6781f0eb4c40d0116bf56e4bea56f38730ce1d4269,3.13.13
"2,7,7,7",28,4,730,40,2,6,400.0,4016,0,8ddbf1da444305a57c12cf2b9c60b04f5ffbdd6b,1,367.0,400.0,0.0,0,0,,,5484f6cea5509ccedf49dd6781f0eb4c40d0116bf56e4bea56f38730ce1d4269,3.13.13
"2,7,7,7",28,4,730,40,2,6,400.0,4017,0,8ddbf1da444305a57c12cf2b9c60b04f5ffbdd6b,1,917.0,400.0,0.0,0,0,,,5484f6cea5509ccedf49dd6781f0eb4c40d0116bf56e4bea56f38730ce1d4269,3.13.13
"2,7,7,7",28,4,730,40,2,6,400.0,4018,0,8ddbf1da444305a57c12cf2b9c60b04f5ffbdd6b,1,381.0,400.0,0.0,0,0,,,5484f6cea5509ccedf49dd6781f0eb4c40d0116bf56e4bea56f38730ce1d4269,3.13.13
"2,7,7,7",28,4,730,40,2,6,400.0,4019,0,8ddbf1da444305a57c12cf2b9c60b04f5ffbdd6b,1,434.0,400.0,0.0,0,0,,,5484f6cea5509ccedf49dd6781f0eb4c40d0116bf56e4bea56f38730ce1d4269,3.13.13
"2,7,7,7",28,4,730,40,2,6,400.0,4020,0,8ddbf1da444305a57c12cf2b9c60b04f5ffbdd6b,1,891.0,400.0,0.0,0,0,,726,5484f6cea5509ccedf49dd6781f0eb4c40d0116bf56e4bea56f38730ce1d4269,3.13.13
"2,7,7,7",28,4,730,40,2,6,400.0,4021,0,8ddbf1da444305a57c12cf2b9c60b04f5ffbdd6b,1,607.0,400.0,0.0,0,0,,726,5484f6cea5509ccedf49dd6781f0eb4c40d0116bf56e4bea56f38730ce1d4269,3.13.13
"2,7,7,7",28,4,730,40,2,6,400.0,4022,0,8ddbf1da444305a57c12cf2b9c60b04f5ffbdd6b,1,532.0,400.0,0.0,0,0,,,5484f6cea5509ccedf49dd6781f0eb4c40d0116bf56e4bea56f38730ce1d4269,3.13.13
"2,7,7,7",28,4,730,40,2,6,400.0,4023,0,8ddbf1da444305a57c12cf2b9c60b04f5ffbdd6b,1,278.0,400.0,0.0,0,0,,725,5484f6cea5509ccedf49dd6781f0eb4c40d0116bf56e4bea56f38730ce1d4269,3.13.13
"2,7,7,7",28,4,730,40,2,6,400.0,4024,0,8ddbf1da444305a57c12cf2b9c60b04f5ffbdd6b,1,465.0,400.0,0.0,0,0,,,5484f6cea5509ccedf49dd6781f0eb4c40d0116bf56e4bea56f38730ce1d4269,3.13.13
"2,7,7,7",28,4,730,40,2,6,400.0,4025,0,8ddbf1da444305a57c12cf2b9c60b04f5ffbdd6b,1,327.0,400.0,0.0,0,0,,,5484f6cea5509ccedf49dd6781f0eb4c40d0116bf56e4bea56f38730ce1d4269,3.13.13
"2,7,7,7",28,4,730,40,2,6,400.0,4026,0,8ddbf1da444305a57c12cf2b9c60b04f5ffbdd6b,1,954.0,400.0,0.0,0,0,,,5484f6cea5509ccedf49dd6781f0eb4c40d0116bf56e4bea56f38730ce1d4269,3.13.13
"2,7,7,7",28,4,730,40,2,6,400.0,4027,0,8ddbf1da444305a57c12cf2b9c60b04f5ffbdd6b,1,1145.0,400.0,0.0,0,0,,,5484f6cea5509ccedf49dd6781f0eb4c40d0116bf56e4bea56f38730ce1d4269,3.13.13
"2,7,7,7",28,4,730,40,2,6,400.0,4028,0,8ddbf1da444305a57c12cf2b9c60b04f5ffbdd6b,1,261.0,400.0,0.0,0,0,,,5484f6cea5509ccedf49dd6781f0eb4c40d0116bf56e4bea56f38730ce1d4269,3.13.13
"2,7,7,7",28,4,730,40,2,6,400.0,4029,0,8ddbf1da444305a57c12cf2b9c60b04f5ffbdd6b,1,226.0,400.0,0.0,0,0,,727,5484f6cea5509ccedf49dd6781f0eb4c40d0116bf56e4bea56f38730ce1d4269,3.13.13
"2,7,7,7",28,4,730,40,2,6,400.0,4030,0,8ddbf1da444305a57c12cf2b9c60b04f5ffbdd6b,1,608.0,400.0,0.0,0,0,,726,5484f6cea5509ccedf49dd6781f0eb4c40d0116bf56e4bea56f38730ce1d4269,3.13.13
"2,7,7,7",28,4,730,10,1,6,120.0,4001,0,8ddbf1da444305a57c12cf2b9c60b04f5ffbdd6b,1,1163.0,120.0,0.0,0,0,,,5484f6cea5509ccedf49dd6781f0eb4c40d0116bf56e4bea56f38730ce1d4269,3.13.13
"2,7,7,7",28,4,730,10,1,6,120.0,4002,0,8ddbf1da444305a57c12cf2b9c60b04f5ffbdd6b,1,881.0,120.0,0.0,0,0,,696,5484f6cea5509ccedf49dd6781f0eb4c40d0116bf56e4bea56f38730ce1d4269,3.13.13
"2,7,7,7",28,4,730,10,1,6,120.0,4003,0,8ddbf1da444305a57c12cf2b9c60b04f5ffbdd6b,1,706.0,120.0,0.0,0,0,,,5484f6cea5509ccedf49dd6781f0eb4c40d0116bf56e4bea56f38730ce1d4269,3.13.13
"2,7,7,7",28,4,730,10,1,6,120.0,4004,0,8ddbf1da444305a57c12cf2b9c60b04f5ffbdd6b,1,687.0,120.0,0.0,0,0,,717,5484f6cea5509ccedf49dd6781f0eb4c40d0116bf56e4bea56f38730ce1d4269,3.13.13
"2,7,7,7",28,4,730,10,1,6,120.0,4005,0,8ddbf1da444305a57c12cf2b9c60b04f5ffbdd6b,1,535.0,120.0,0.0,0,0,,,5484f6cea5509ccedf49dd6781f0eb4c40d0116bf56e4bea56f38730ce1d4269,3.13.13
"2,7,7,7",28,4,730,10,1,6,120.0,4006,0,8ddbf1da444305a57c12cf2b9c60b04f5ffbdd6b,1,726.0,120.0,0.0,0,0,,,5484f6cea5509ccedf49dd6781f0eb4c40d0116bf56e4bea56f38730ce1d4269,3.13.13
"2,7,7,7",28,4,730,10,1,6,120.0,4007,0,8ddbf1da444305a57c12cf2b9c60b04f5ffbdd6b,1,567.0,120.0,0.0,0,0,,,5484f6cea5509ccedf49dd6781f0eb4c40d0116bf56e4bea56f38730ce1d4269,3.13.13
"2,7,7,7",28,4,730,10,1,6,120.0,4008,0,8ddbf1da444305a57c12cf2b9c60b04f5ffbdd6b,1,343.0,120.0,0.0,0,0,,,5484f6cea5509ccedf49dd6781f0eb4c40d0116bf56e4bea56f38730ce1d4269,3.13.13
"2,7,7,7",28,4,730,10,1,6,120.0,4009,0,8ddbf1da444305a57c12cf2b9c60b04f5ffbdd6b,1,786.0,120.0,0.0,0,0,,715,5484f6cea5509ccedf49dd6781f0eb4c40d0116bf56e4bea56f38730ce1d4269,3.13.13
"2,7,7,7",28,4,730,10,1,6,120.0,4010,0,8ddbf1da444305a57c12cf2b9c60b04f5ffbdd6b,1,1216.0,120.0,0.0,0,0,,,5484f6cea5509ccedf49dd6781f0eb4c40d0116bf56e4bea56f38730ce1d4269,3.13.13
"2,7,7,7",28,4,730,10,1,6,120.0,4011,0,8ddbf1da444305a57c12cf2b9c60b04f5ffbdd6b,1,510.0,120.0,0.0,0,0,,,5484f6cea5509ccedf49dd6781f0eb4c40d0116bf56e4bea56f38730ce1d4269,3.13.13
"2,7,7,7",28,4,730,10,1,6,120.0,4012,0,8ddbf1da444305a57c12cf2b9c60b04f5ffbdd6b,1,148.0,120.0,0.0,0,0,,,5484f6cea5509ccedf49dd6781f0eb4c40d0116bf56e4bea56f38730ce1d4269,3.13.13
"2,7,7,7",28,4,730,10,1,6,120.0,4013,0,8ddbf1da444305a57c12cf2b9c60b04f5ffbdd6b,1,1251.0,120.0,0.0,0,0,,725,5484f6cea5509ccedf49dd6781f0eb4c40d0116bf56e4bea56f38730ce1d4269,3.13.13
"2,7,7,7",28,4,730,10,1,6,120.0,4014,0,8ddbf1da444305a57c12cf2b9c60b04f5ffbdd6b,1,406.0,120.0,0.0,0,0,,,5484f6cea5509ccedf49dd6781f0eb4c40d0116bf56e4bea56f38730ce1d4269,3.13.13
"2,7,7,7",28,4,730,10,1,6,120.0,4015,0,8ddbf1da444305a57c12cf2b9c60b04f5ffbdd6b,1,941.0,120.0,0.0,0,0,,726,5484f6cea5509ccedf49dd6781f0eb4c40d0116bf56e4bea56f38730ce1d4269,3.13.13
"2,7,7,7",28,4,730,10,1,6,120.0,4016,0,8ddbf1da444305a57c12cf2b9c60b04f5ffbdd6b,1,1246.0,120.0,0.0,0,0,,704,5484f6cea5509ccedf49dd6781f0eb4c40d0116bf56e4bea56f38730ce1d4269,3.13.13
"2,7,7,7",28,4,730,10,1,6,120.0,4017,0,8ddbf1da444305a57c12cf2b9c60b04f5ffbdd6b,1,1342.0,120.0,0.0,0,0,,,5484f6cea5509ccedf49dd6781f0eb4c40d0116bf56e4bea56f38730ce1d4269,3.13.13
"2,7,7,7",28,4,730,10,1,6,120.0,4018,0,8ddbf1da444305a57c12cf2b9c60b04f5ffbdd6b,1,463.0,120.0,0.0,0,0,,,5484f6cea5509ccedf49dd6781f0eb4c40d0116bf56e4bea56f38730ce1d4269,3.13.13
"2,7,7,7",28,4,730,10,1,6,120.0,4019,0,8ddbf1da444305a57c12cf2b9c60b04f5ffbdd6b,1,247.0,120.0,0.0,0,0,,,5484f6cea5509ccedf49dd6781f0eb4c40d0116bf56e4bea56f38730ce1d4269,3.13.13
"2,7,7,7",28,4,730,10,1,6,120.0,4020,0,8ddbf1da444305a57c12cf2b9c60b04f5ffbdd6b,1,743.0,120.0,0.0,0,0,,,5484f6cea5509ccedf49dd6781f0eb4c40d0116bf56e4bea56f38730ce1d4269,3.13.13
"2,7,7,7",28,4,730,10,1,6,120.0,4021,0,8ddbf1da444305a57c12cf2b9c60b04f5ffbdd6b,1,562.0,120.0,0.0,0,0,,,5484f6cea5509ccedf49dd6781f0eb4c40d0116bf56e4bea56f38730ce1d4269,3.13.13
"2,7,7,7",28,4,730,10,1,6,120.0,4022,0,8ddbf1da444305a57c12cf2b9c60b04f5ffbdd6b,1,1061.0,120.0,0.0,0,0,,,5484f6cea5509ccedf49dd6781f0eb4c40d0116bf56e4bea56f38730ce1d4269,3.13.13
"2,7,7,7",28,4,730,10,1,6,120.0,4023,0,8ddbf1da444305a57c12cf2b9c60b04f5ffbdd6b,1,809.0,120.0,0.0,0,0,,728,5484f6cea5509ccedf49dd6781f0eb4c40d0116bf56e4bea56f38730ce1d4269,3.13.13
"2,7,7,7",28,4,730,10,1,6,120.0,4024,0,8ddbf1da444305a57c12cf2b9c60b04f5ffbdd6b,1,817.0,120.0,0.0,0,0,,,5484f6cea5509ccedf49dd6781f0eb4c40d0116bf56e4bea56f38730ce1d4269,3.13.13
"2,7,7,7",28,4,730,10,1,6,120.0,4025,0,8ddbf1da444305a57c12cf2b9c60b04f5ffbdd6b,1,532.0,120.0,0.0,0,0,,,5484f6cea5509ccedf49dd6781f0eb4c40d0116bf56e4bea56f38730ce1d4269,3.13.13
"2,7,7,7",28,4,730,10,1,6,120.0,4026,0,8ddbf1da444305a57c12cf2b9c60b04f5ffbdd6b,1,1836.0,120.0,0.0,0,0,,722,5484f6cea5509ccedf49dd6781f0eb4c40d0116bf56e4bea56f38730ce1d4269,3.13.13
"2,7,7,7",28,4,730,10,1,6,120.0,4027,0,8ddbf1da444305a57c12cf2b9c60b04f5ffbdd6b,1,1240.0,120.0,0.0,0,0,,,5484f6cea5509ccedf49dd6781f0eb4c40d0116bf56e4bea56f38730ce1d4269,3.13.13
"2,7,7,7",28,4,730,10,1,6,120.0,4028,0,8ddbf1da444305a57c12cf2b9c60b04f5ffbdd6b,1,1581.0,120.0,0.0,0,0,,693,5484f6cea5509ccedf49dd6781f0eb4c40d0116bf56e4bea56f38730ce1d4269,3.13.13
"2,7,7,7",28,4,730,10,1,6,120.0,4029,0,8ddbf1da444305a57c12cf2b9c60b04f5ffbdd6b,1,246.0,120.0,0.0,0,0,,,5484f6cea5509ccedf49dd6781f0eb4c40d0116bf56e4bea56f38730ce1d4269,3.13.13
"2,7,7,7",28,4,730,10,1,6,120.0,4030,0,8ddbf1da444305a57c12cf2b9c60b04f5ffbdd6b,1,295.0,120.0,0.0,0,0,,,5484f6cea5509ccedf49dd6781f0eb4c40d0116bf56e4bea56f38730ce1d4269,3.13.13
"2,7,7,7",28,4,730,10,1,6,400.0,4001,0,8ddbf1da444305a57c12cf2b9c60b04f5ffbdd6b,1,194.0,400.0,0.0,0,0,,726,5484f6cea5509ccedf49dd6781f0eb4c40d0116bf56e4bea56f38730ce1d4269,3.13.13
"2,7,7,7",28,4,730,10,1,6,400.0,4002,0,8ddbf1da444305a57c12cf2b9c60b04f5ffbdd6b,1,408.0,400.0,0.0,0,0,,725,5484f6cea5509ccedf49dd6781f0eb4c40d0116bf56e4bea56f38730ce1d4269,3.13.13
"2,7,7,7",28,4,730,10,1,6,400.0,4003,0,8ddbf1da444305a57c12cf2b9c60b04f5ffbdd6b,1,184.0,400.0,0.0,0,0,,,5484f6cea5509ccedf49dd6781f0eb4c40d0116bf56e4bea56f38730ce1d4269,3.13.13
"2,7,7,7",28,4,730,10,1,6,400.0,4004,0,8ddbf1da444305a57c12cf2b9c60b04f5ffbdd6b,1,335.0,400.0,0.0,0,0,,,5484f6cea5509ccedf49dd6781f0eb4c40d0116bf56e4bea56f38730ce1d4269,3.13.13
"2,7,7,7",28,4,730,10,1,6,400.0,4005,0,8ddbf1da444305a57c12cf2b9c60b04f5ffbdd6b,1,121.0,400.0,0.0,0,0,,725,5484f6cea5509ccedf49dd6781f0eb4c40d0116bf56e4bea56f38730ce1d4269,3.13.13
"2,7,7,7",28,4,730,10,1,6,400.0,4006,0,8ddbf1da444305a57c12cf2b9c60b04f5ffbdd6b,1,162.0,400.0,0.0,0,0,,,5484f6cea5509ccedf49dd6781f0eb4c40d0116bf56e4bea56f38730ce1d4269,3.13.13
"2,7,7,7",28,4,730,10,1,6,400.0,4007,0,8ddbf1da444305a57c12cf2b9c60b04f5ffbdd6b,1,333.0,400.0,0.0,0,0,,,5484f6cea5509ccedf49dd6781f0eb4c40d0116bf56e4bea56f38730ce1d4269,3.13.13
"2,7,7,7",28,4,730,10,1,6,400.0,4008,0,8ddbf1da444305a57c12cf2b9c60b04f5ffbdd6b,1,202.0,400.0,0.0,0,0,,,5484f6cea5509ccedf49dd6781f0eb4c40d0116bf56e4bea56f38730ce1d4269,3.13.13
"2,7,7,7",28,4,730,10,1,6,400.0,4009,0,8ddbf1da444305a57c12cf2b9c60b04f5ffbdd6b,1,139.0,400.0,0.0,0,0,,725,5484f6cea5509ccedf49dd6781f0eb4c40d0116bf56e4bea56f38730ce1d4269,3.13.13
"2,7,7,7",28,4,730,10,1,6,400.0,4010,0,8ddbf1da444305a57c12cf2b9c60b04f5ffbdd6b,1,734.0,400.0,0.0,0,0,,,5484f6cea5509ccedf49dd6781f0eb4c40d0116bf56e4bea56f38730ce1d4269,3.13.13
"2,7,7,7",28,4,730,10,1,6,400.0,4011,0,8ddbf1da444305a57c12cf2b9c60b04f5ffbdd6b,1,210.0,400.0,0.0,0,0,,,5484f6cea5509ccedf49dd6781f0eb4c40d0116bf56e4bea56f38730ce1d4269,3.13.13
"2,7,7,7",28,4,730,10,1,6,400.0,4012,0,8ddbf1da444305a57c12cf2b9c60b04f5ffbdd6b,1,235.0,400.0,0.0,0,0,,,5484f6cea5509ccedf49dd6781f0eb4c40d0116bf56e4bea56f38730ce1d4269,3.13.13
"2,7,7,7",28,4,730,10,1,6,400.0,4013,0,8ddbf1da444305a57c12cf2b9c60b04f5ffbdd6b,1,297.0,400.0,0.0,0,0,,,5484f6cea5509ccedf49dd6781f0eb4c40d0116bf56e4bea56f38730ce1d4269,3.13.13
"2,7,7,7",28,4,730,10,1,6,400.0,4014,0,8ddbf1da444305a57c12cf2b9c60b04f5ffbdd6b,1,258.0,400.0,0.0,0,0,,,5484f6cea5509ccedf49dd6781f0eb4c40d0116bf56e4bea56f38730ce1d4269,3.13.13
"2,7,7,7",28,4,730,10,1,6,400.0,4015,0,8ddbf1da444305a57c12cf2b9c60b04f5ffbdd6b,1,720.0,400.0,0.0,0,0,,726,5484f6cea5509ccedf49dd6781f0eb4c40d0116bf56e4bea56f38730ce1d4269,3.13.13
"2,7,7,7",28,4,730,10,1,6,400.0,4016,0,8ddbf1da444305a57c12cf2b9c60b04f5ffbdd6b,1,102.0,400.0,0.0,0,0,,,5484f6cea5509ccedf49dd6781f0eb4c40d0116bf56e4bea56f38730ce1d4269,3.13.13
"2,7,7,7",28,4,730,10,1,6,400.0,4017,0,8ddbf1da444305a57c12cf2b9c60b04f5ffbdd6b,1,484.0,400.0,0.0,0,0,,725,5484f6cea5509ccedf49dd6781f0eb4c40d0116bf56e4bea56f38730ce1d4269,3.13.13
"2,7,7,7",28,4,730,10,1,6,400.0,4018,0,8ddbf1da444305a57c12cf2b9c60b04f5ffbdd6b,1,339.0,400.0,0.0,0,0,,,5484f6cea5509ccedf49dd6781f0eb4c40d0116bf56e4bea56f38730ce1d4269,3.13.13
"2,7,7,7",28,4,730,10,1,6,400.0,4019,0,8ddbf1da444305a57c12cf2b9c60b04f5ffbdd6b,1,210.0,400.0,0.0,0,0,,,5484f6cea5509ccedf49dd6781f0eb4c40d0116bf56e4bea56f38730ce1d4269,3.13.13
"2,7,7,7",28,4,730,10,1,6,400.0,4020,0,8ddbf1da444305a57c12cf2b9c60b04f5ffbdd6b,1,196.0,400.0,0.0,0,0,,,5484f6cea5509ccedf49dd6781f0eb4c40d0116bf56e4bea56f38730ce1d4269,3.13.13
"2,7,7,7",28,4,730,10,1,6,400.0,4021,0,8ddbf1da444305a57c12cf2b9c60b04f5ffbdd6b,1,484.0,400.0,0.0,0,0,,,5484f6cea5509ccedf49dd6781f0eb4c40d0116bf56e4bea56f38730ce1d4269,3.13.13
"2,7,7,7",28,4,730,10,1,6,400.0,4022,0,8ddbf1da444305a57c12cf2b9c60b04f5ffbdd6b,1,326.0,400.0,0.0,0,0,,,5484f6cea5509ccedf49dd6781f0eb4c40d0116bf56e4bea56f38730ce1d4269,3.13.13
"2,7,7,7",28,4,730,10,1,6,400.0,4023,0,8ddbf1da444305a57c12cf2b9c60b04f5ffbdd6b,1,262.0,400.0,0.0,0,0,,,5484f6cea5509ccedf49dd6781f0eb4c40d0116bf56e4bea56f38730ce1d4269,3.13.13
"2,7,7,7",28,4,730,10,1,6,400.0,4024,0,8ddbf1da444305a57c12cf2b9c60b04f5ffbdd6b,1,206.0,400.0,0.0,0,0,,726,5484f6cea5509ccedf49dd6781f0eb4c40d0116bf56e4bea56f38730ce1d4269,3.13.13
"2,7,7,7",28,4,730,10,1,6,400.0,4025,0,8ddbf1da444305a57c12cf2b9c60b04f5ffbdd6b,1,315.0,400.0,0.0,0,0,,,5484f6cea5509ccedf49dd6781f0eb4c40d0116bf56e4bea56f38730ce1d4269,3.13.13
"2,7,7,7",28,4,730,10,1,6,400.0,4026,0,8ddbf1da444305a57c12cf2b9c60b04f5ffbdd6b,1,811.0,400.0,0.0,0,0,,,5484f6cea5509ccedf49dd6781f0eb4c40d0116bf56e4bea56f38730ce1d4269,3.13.13
"2,7,7,7",28,4,730,10,1,6,400.0,4027,0,8ddbf1da444305a57c12cf2b9c60b04f5ffbdd6b,1,962.0,400.0,0.0,0,0,,,5484f6cea5509ccedf49dd6781f0eb4c40d0116bf56e4bea56f38730ce1d4269,3.13.13
"2,7,7,7",28,4,730,10,1,6,400.0,4028,0,8ddbf1da444305a57c12cf2b9c60b04f5ffbdd6b,1,224.0,400.0,0.0,0,0,,726,5484f6cea5509ccedf49dd6781f0eb4c40d0116bf56e4bea56f38730ce1d4269,3.13.13
"2,7,7,7",28,4,730,10,1,6,400.0,4029,0,8ddbf1da444305a57c12cf2b9c60b04f5ffbdd6b,1,210.0,400.0,0.0,0,0,,,5484f6cea5509ccedf49dd6781f0eb4c40d0116bf56e4bea56f38730ce1d4269,3.13.13
"2,7,7,7",28,4,730,10,1,6,400.0,4030,0,8ddbf1da444305a57c12cf2b9c60b04f5ffbdd6b,1,306.0,400.0,0.0,0,0,,,5484f6cea5509ccedf49dd6781f0eb4c40d0116bf56e4bea56f38730ce1d4269,3.13.13
"2,7,7,7",28,4,730,10,2,6,120.0,4001,0,8ddbf1da444305a57c12cf2b9c60b04f5ffbdd6b,1,1163.0,120.0,0.0,0,0,,,5484f6cea5509ccedf49dd6781f0eb4c40d0116bf56e4bea56f38730ce1d4269,3.13.13
"2,7,7,7",28,4,730,10,2,6,120.0,4002,0,8ddbf1da444305a57c12cf2b9c60b04f5ffbdd6b,1,881.0,120.0,0.0,0,0,,696,5484f6cea5509ccedf49dd6781f0eb4c40d0116bf56e4bea56f38730ce1d4269,3.13.13
"2,7,7,7",28,4,730,10,2,6,120.0,4003,0,8ddbf1da444305a57c12cf2b9c60b04f5ffbdd6b,1,706.0,120.0,0.0,0,0,,,5484f6cea5509ccedf49dd6781f0eb4c40d0116bf56e4bea56f38730ce1d4269,3.13.13
"2,7,7,7",28,4,730,10,2,6,120.0,4004,0,8ddbf1da444305a57c12cf2b9c60b04f5ffbdd6b,1,687.0,120.0,0.0,0,0,,717,5484f6cea5509ccedf49dd6781f0eb4c40d0116bf56e4bea56f38730ce1d4269,3.13.13
"2,7,7,7",28,4,730,10,2,6,120.0,4005,0,8ddbf1da444305a57c12cf2b9c60b04f5ffbdd6b,1,535.0,120.0,0.0,0,0,,,5484f6cea5509ccedf49dd6781f0eb4c40d0116bf56e4bea56f38730ce1d4269,3.13.13
"2,7,7,7",28,4,730,10,2,6,120.0,4006,0,8ddbf1da444305a57c12cf2b9c60b04f5ffbdd6b,1,726.0,120.0,0.0,0,0,,,5484f6cea5509ccedf49dd6781f0eb4c40d0116bf56e4bea56f38730ce1d4269,3.13.13
"2,7,7,7",28,4,730,10,2,6,120.0,4007,0,8ddbf1da444305a57c12cf2b9c60b04f5ffbdd6b,1,567.0,120.0,0.0,0,0,,,5484f6cea5509ccedf49dd6781f0eb4c40d0116bf56e4bea56f38730ce1d4269,3.13.13
"2,7,7,7",28,4,730,10,2,6,120.0,4008,0,8ddbf1da444305a57c12cf2b9c60b04f5ffbdd6b,1,343.0,120.0,0.0,0,0,,,5484f6cea5509ccedf49dd6781f0eb4c40d0116bf56e4bea56f38730ce1d4269,3.13.13
"2,7,7,7",28,4,730,10,2,6,120.0,4009,0,8ddbf1da444305a57c12cf2b9c60b04f5ffbdd6b,1,786.0,120.0,0.0,0,0,,715,5484f6cea5509ccedf49dd6781f0eb4c40d0116bf56e4bea56f38730ce1d4269,3.13.13
"2,7,7,7",28,4,730,10,2,6,120.0,4010,0,8ddbf1da444305a57c12cf2b9c60b04f5ffbdd6b,1,1216.0,120.0,0.0,0,0,,,5484f6cea5509ccedf49dd6781f0eb4c40d0116bf56e4bea56f38730ce1d4269,3.13.13
"2,7,7,7",28,4,730,10,2,6,120.0,4011,0,8ddbf1da444305a57c12cf2b9c60b04f5ffbdd6b,1,510.0,120.0,0.0,0,0,,,5484f6cea5509ccedf49dd6781f0eb4c40d0116bf56e4bea56f38730ce1d4269,3.13.13
"2,7,7,7",28,4,730,10,2,6,120.0,4012,0,8ddbf1da444305a57c12cf2b9c60b04f5ffbdd6b,1,148.0,120.0,0.0,0,0,,,5484f6cea5509ccedf49dd6781f0eb4c40d0116bf56e4bea56f38730ce1d4269,3.13.13
"2,7,7,7",28,4,730,10,2,6,120.0,4013,0,8ddbf1da444305a57c12cf2b9c60b04f5ffbdd6b,1,1266.0,120.0,0.0,0,0,,,5484f6cea5509ccedf49dd6781f0eb4c40d0116bf56e4bea56f38730ce1d4269,3.13.13
"2,7,7,7",28,4,730,10,2,6,120.0,4014,0,8ddbf1da444305a57c12cf2b9c60b04f5ffbdd6b,1,406.0,120.0,0.0,0,0,,,5484f6cea5509ccedf49dd6781f0eb4c40d0116bf56e4bea56f38730ce1d4269,3.13.13
"2,7,7,7",28,4,730,10,2,6,120.0,4015,0,8ddbf1da444305a57c12cf2b9c60b04f5ffbdd6b,1,521.0,120.0,0.0,0,0,,,5484f6cea5509ccedf49dd6781f0eb4c40d0116bf56e4bea56f38730ce1d4269,3.13.13
"2,7,7,7",28,4,730,10,2,6,120.0,4016,0,8ddbf1da444305a57c12cf2b9c60b04f5ffbdd6b,1,1246.0,120.0,0.0,0,0,,704,5484f6cea5509ccedf49dd6781f0eb4c40d0116bf56e4bea56f38730ce1d4269,3.13.13
"2,7,7,7",28,4,730,10,2,6,120.0,4017,0,8ddbf1da444305a57c12cf2b9c60b04f5ffbdd6b,1,1342.0,120.0,0.0,0,0,,,5484f6cea5509ccedf49dd6781f0eb4c40d0116bf56e4bea56f38730ce1d4269,3.13.13
"2,7,7,7",28,4,730,10,2,6,120.0,4018,0,8ddbf1da444305a57c12cf2b9c60b04f5ffbdd6b,1,463.0,120.0,0.0,0,0,,,5484f6cea5509ccedf49dd6781f0eb4c40d0116bf56e4bea56f38730ce1d4269,3.13.13
"2,7,7,7",28,4,730,10,2,6,120.0,4019,0,8ddbf1da444305a57c12cf2b9c60b04f5ffbdd6b,1,247.0,120.0,0.0,0,0,,,5484f6cea5509ccedf49dd6781f0eb4c40d0116bf56e4bea56f38730ce1d4269,3.13.13
"2,7,7,7",28,4,730,10,2,6,120.0,4020,0,8ddbf1da444305a57c12cf2b9c60b04f5ffbdd6b,1,743.0,120.0,0.0,0,0,,,5484f6cea5509ccedf49dd6781f0eb4c40d0116bf56e4bea56f38730ce1d4269,3.13.13
"2,7,7,7",28,4,730,10,2,6,120.0,4021,0,8ddbf1da444305a57c12cf2b9c60b04f5ffbdd6b,1,562.0,120.0,0.0,0,0,,,5484f6cea5509ccedf49dd6781f0eb4c40d0116bf56e4bea56f38730ce1d4269,3.13.13
"2,7,7,7",28,4,730,10,2,6,120.0,4022,0,8ddbf1da444305a57c12cf2b9c60b04f5ffbdd6b,1,1061.0,120.0,0.0,0,0,,,5484f6cea5509ccedf49dd6781f0eb4c40d0116bf56e4bea56f38730ce1d4269,3.13.13
"2,7,7,7",28,4,730,10,2,6,120.0,4023,0,8ddbf1da444305a57c12cf2b9c60b04f5ffbdd6b,1,809.0,120.0,0.0,0,0,,728,5484f6cea5509ccedf49dd6781f0eb4c40d0116bf56e4bea56f38730ce1d4269,3.13.13
"2,7,7,7",28,4,730,10,2,6,120.0,4024,0,8ddbf1da444305a57c12cf2b9c60b04f5ffbdd6b,1,817.0,120.0,0.0,0,0,,,5484f6cea5509ccedf49dd6781f0eb4c40d0116bf56e4bea56f38730ce1d4269,3.13.13
"2,7,7,7",28,4,730,10,2,6,120.0,4025,0,8ddbf1da444305a57c12cf2b9c60b04f5ffbdd6b,1,532.0,120.0,0.0,0,0,,,5484f6cea5509ccedf49dd6781f0eb4c40d0116bf56e4bea56f38730ce1d4269,3.13.13
"2,7,7,7",28,4,730,10,2,6,120.0,4026,0,8ddbf1da444305a57c12cf2b9c60b04f5ffbdd6b,1,1836.0,120.0,0.0,0,0,,722,5484f6cea5509ccedf49dd6781f0eb4c40d0116bf56e4bea56f38730ce1d4269,3.13.13
"2,7,7,7",28,4,730,10,2,6,120.0,4027,0,8ddbf1da444305a57c12cf2b9c60b04f5ffbdd6b,1,1240.0,120.0,0.0,0,0,,,5484f6cea5509ccedf49dd6781f0eb4c40d0116bf56e4bea56f38730ce1d4269,3.13.13
"2,7,7,7",28,4,730,10,2,6,120.0,4028,0,8ddbf1da444305a57c12cf2b9c60b04f5ffbdd6b,1,1542.0,120.0,0.0,0,0,,709,5484f6cea5509ccedf49dd6781f0eb4c40d0116bf56e4bea56f38730ce1d4269,3.13.13
"2,7,7,7",28,4,730,10,2,6,120.0,4029,0,8ddbf1da444305a57c12cf2b9c60b04f5ffbdd6b,1,246.0,120.0,0.0,0,0,,,5484f6cea5509ccedf49dd6781f0eb4c40d0116bf56e4bea56f38730ce1d4269,3.13.13
"2,7,7,7",28,4,730,10,2,6,120.0,4030,0,8ddbf1da444305a57c12cf2b9c60b04f5ffbdd6b,1,295.0,120.0,0.0,0,0,,,5484f6cea5509ccedf49dd6781f0eb4c40d0116bf56e4bea56f38730ce1d4269,3.13.13
"2,7,7,7",28,4,730,10,2,6,400.0,4001,0,8ddbf1da444305a57c12cf2b9c60b04f5ffbdd6b,1,194.0,400.0,0.0,0,0,,726,5484f6cea5509ccedf49dd6781f0eb4c40d0116bf56e4bea56f38730ce1d4269,3.13.13
"2,7,7,7",28,4,730,10,2,6,400.0,4002,0,8ddbf1da444305a57c12cf2b9c60b04f5ffbdd6b,1,306.0,400.0,0.0,0,0,,727,5484f6cea5509ccedf49dd6781f0eb4c40d0116bf56e4bea56f38730ce1d4269,3.13.13
"2,7,7,7",28,4,730,10,2,6,400.0,4003,0,8ddbf1da444305a57c12cf2b9c60b04f5ffbdd6b,1,152.0,400.0,0.0,0,0,,,5484f6cea5509ccedf49dd6781f0eb4c40d0116bf56e4bea56f38730ce1d4269,3.13.13
"2,7,7,7",28,4,730,10,2,6,400.0,4004,0,8ddbf1da444305a57c12cf2b9c60b04f5ffbdd6b,1,335.0,400.0,0.0,0,0,,,5484f6cea5509ccedf49dd6781f0eb4c40d0116bf56e4bea56f38730ce1d4269,3.13.13
"2,7,7,7",28,4,730,10,2,6,400.0,4005,0,8ddbf1da444305a57c12cf2b9c60b04f5ffbdd6b,1,121.0,400.0,0.0,0,0,,725,5484f6cea5509ccedf49dd6781f0eb4c40d0116bf56e4bea56f38730ce1d4269,3.13.13
"2,7,7,7",28,4,730,10,2,6,400.0,4006,0,8ddbf1da444305a57c12cf2b9c60b04f5ffbdd6b,1,162.0,400.0,0.0,0,0,,,5484f6cea5509ccedf49dd6781f0eb4c40d0116bf56e4bea56f38730ce1d4269,3.13.13
"2,7,7,7",28,4,730,10,2,6,400.0,4007,0,8ddbf1da444305a57c12cf2b9c60b04f5ffbdd6b,1,346.0,400.0,0.0,0,0,,,5484f6cea5509ccedf49dd6781f0eb4c40d0116bf56e4bea56f38730ce1d4269,3.13.13
"2,7,7,7",28,4,730,10,2,6,400.0,4008,0,8ddbf1da444305a57c12cf2b9c60b04f5ffbdd6b,1,185.0,400.0,0.0,0,0,,726,5484f6cea5509ccedf49dd6781f0eb4c40d0116bf56e4bea56f38730ce1d4269,3.13.13
"2,7,7,7",28,4,730,10,2,6,400.0,4009,0,8ddbf1da444305a57c12cf2b9c60b04f5ffbdd6b,1,139.0,400.0,0.0,0,0,,725,5484f6cea5509ccedf49dd6781f0eb4c40d0116bf56e4bea56f38730ce1d4269,3.13.13
"2,7,7,7",28,4,730,10,2,6,400.0,4010,0,8ddbf1da444305a57c12cf2b9c60b04f5ffbdd6b,1,394.0,400.0,0.0,0,0,,726,5484f6cea5509ccedf49dd6781f0eb4c40d0116bf56e4bea56f38730ce1d4269,3.13.13
"2,7,7,7",28,4,730,10,2,6,400.0,4011,0,8ddbf1da444305a57c12cf2b9c60b04f5ffbdd6b,1,210.0,400.0,0.0,0,0,,,5484f6cea5509ccedf49dd6781f0eb4c40d0116bf56e4bea56f38730ce1d4269,3.13.13
"2,7,7,7",28,4,730,10,2,6,400.0,4012,0,8ddbf1da444305a57c12cf2b9c60b04f5ffbdd6b,1,235.0,400.0,0.0,0,0,,,5484f6cea5509ccedf49dd6781f0eb4c40d0116bf56e4bea56f38730ce1d4269,3.13.13
"2,7,7,7",28,4,730,10,2,6,400.0,4013,0,8ddbf1da444305a57c12cf2b9c60b04f5ffbdd6b,1,306.0,400.0,0.0,0,0,,,5484f6cea5509ccedf49dd6781f0eb4c40d0116bf56e4bea56f38730ce1d4269,3.13.13
"2,7,7,7",28,4,730,10,2,6,400.0,4014,0,8ddbf1da444305a57c12cf2b9c60b04f5ffbdd6b,1,265.0,400.0,0.0,0,0,,,5484f6cea5509ccedf49dd6781f0eb4c40d0116bf56e4bea56f38730ce1d4269,3.13.13
"2,7,7,7",28,4,730,10,2,6,400.0,4015,0,8ddbf1da444305a57c12cf2b9c60b04f5ffbdd6b,1,261.0,400.0,0.0,0,0,,,5484f6cea5509ccedf49dd6781f0eb4c40d0116bf56e4bea56f38730ce1d4269,3.13.13
"2,7,7,7",28,4,730,10,2,6,400.0,4016,0,8ddbf1da444305a57c12cf2b9c60b04f5ffbdd6b,1,147.0,400.0,0.0,0,0,,,5484f6cea5509ccedf49dd6781f0eb4c40d0116bf56e4bea56f38730ce1d4269,3.13.13
"2,7,7,7",28,4,730,10,2,6,400.0,4017,0,8ddbf1da444305a57c12cf2b9c60b04f5ffbdd6b,1,410.0,400.0,0.0,0,0,,,5484f6cea5509ccedf49dd6781f0eb4c40d0116bf56e4bea56f38730ce1d4269,3.13.13
"2,7,7,7",28,4,730,10,2,6,400.0,4018,0,8ddbf1da444305a57c12cf2b9c60b04f5ffbdd6b,1,339.0,400.0,0.0,0,0,,,5484f6cea5509ccedf49dd6781f0eb4c40d0116bf56e4bea56f38730ce1d4269,3.13.13
"2,7,7,7",28,4,730,10,2,6,400.0,4019,0,8ddbf1da444305a57c12cf2b9c60b04f5ffbdd6b,1,258.0,400.0,0.0,0,0,,,5484f6cea5509ccedf49dd6781f0eb4c40d0116bf56e4bea56f38730ce1d4269,3.13.13
"2,7,7,7",28,4,730,10,2,6,400.0,4020,0,8ddbf1da444305a57c12cf2b9c60b04f5ffbdd6b,1,196.0,400.0,0.0,0,0,,,5484f6cea5509ccedf49dd6781f0eb4c40d0116bf56e4bea56f38730ce1d4269,3.13.13
"2,7,7,7",28,4,730,10,2,6,400.0,4021,0,8ddbf1da444305a57c12cf2b9c60b04f5ffbdd6b,1,484.0,400.0,0.0,0,0,,,5484f6cea5509ccedf49dd6781f0eb4c40d0116bf56e4bea56f38730ce1d4269,3.13.13
"2,7,7,7",28,4,730,10,2,6,400.0,4022,0,8ddbf1da444305a57c12cf2b9c60b04f5ffbdd6b,1,356.0,400.0,0.0,0,0,,,5484f6cea5509ccedf49dd6781f0eb4c40d0116bf56e4bea56f38730ce1d4269,3.13.13
"2,7,7,7",28,4,730,10,2,6,400.0,4023,0,8ddbf1da444305a57c12cf2b9c60b04f5ffbdd6b,1,262.0,400.0,0.0,0,0,,,5484f6cea5509ccedf49dd6781f0eb4c40d0116bf56e4bea56f38730ce1d4269,3.13.13
"2,7,7,7",28,4,730,10,2,6,400.0,4024,0,8ddbf1da444305a57c12cf2b9c60b04f5ffbdd6b,1,219.0,400.0,0.0,0,0,,,5484f6cea5509ccedf49dd6781f0eb4c40d0116bf56e4bea56f38730ce1d4269,3.13.13
"2,7,7,7",28,4,730,10,2,6,400.0,4025,0,8ddbf1da444305a57c12cf2b9c60b04f5ffbdd6b,1,291.0,400.0,0.0,0,0,,,5484f6cea5509ccedf49dd6781f0eb4c40d0116bf56e4bea56f38730ce1d4269,3.13.13
"2,7,7,7",28,4,730,10,2,6,400.0,4026,0,8ddbf1da444305a57c12cf2b9c60b04f5ffbdd6b,1,811.0,400.0,0.0,0,0,,,5484f6cea5509ccedf49dd6781f0eb4c40d0116bf56e4bea56f38730ce1d4269,3.13.13
"2,7,7,7",28,4,730,10,2,6,400.0,4027,0,8ddbf1da444305a57c12cf2b9c60b04f5ffbdd6b,1,831.0,400.0,0.0,0,0,,,5484f6cea5509ccedf49dd6781f0eb4c40d0116bf56e4bea56f38730ce1d4269,3.13.13
"2,7,7,7",28,4,730,10,2,6,400.0,4028,0,8ddbf1da444305a57c12cf2b9c60b04f5ffbdd6b,1,258.0,400.0,0.0,0,0,,,5484f6cea5509ccedf49dd6781f0eb4c40d0116bf56e4bea56f38730ce1d4269,3.13.13
"2,7,7,7",28,4,730,10,2,6,400.0,4029,0,8ddbf1da444305a57c12cf2b9c60b04f5ffbdd6b,1,246.0,400.0,0.0,0,0,,,5484f6cea5509ccedf49dd6781f0eb4c40d0116bf56e4bea56f38730ce1d4269,3.13.13
"2,7,7,7",28,4,730,10,2,6,400.0,4030,0,8ddbf1da444305a57c12cf2b9c60b04f5ffbdd6b,1,306.0,400.0,0.0,0,0,,,5484f6cea5509ccedf49dd6781f0eb4c40d0116bf56e4bea56f38730ce1d4269,3.13.13
"2,10,10,10",28,4,730,40,1,6,120.0,4001,0,8ddbf1da444305a57c12cf2b9c60b04f5ffbdd6b,1,2052.0,120.0,0.0,0,0,,,04398d403d0c794a620ed5408673455e3d5a58d595f72eb83296102c5af932eb,3.13.13
"2,10,10,10",28,4,730,40,1,6,120.0,4002,0,8ddbf1da444305a57c12cf2b9c60b04f5ffbdd6b,1,1777.0,120.0,0.0,0,0,,723,04398d403d0c794a620ed5408673455e3d5a58d595f72eb83296102c5af932eb,3.13.13
"2,10,10,10",28,4,730,40,1,6,120.0,4003,0,8ddbf1da444305a57c12cf2b9c60b04f5ffbdd6b,1,1147.0,120.0,0.0,0,0,,,04398d403d0c794a620ed5408673455e3d5a58d595f72eb83296102c5af932eb,3.13.13
"2,10,10,10",28,4,730,40,1,6,120.0,4004,0,8ddbf1da444305a57c12cf2b9c60b04f5ffbdd6b,1,1493.0,120.0,0.0,0,0,,,04398d403d0c794a620ed5408673455e3d5a58d595f72eb83296102c5af932eb,3.13.13
"2,10,10,10",28,4,730,40,1,6,120.0,4005,0,8ddbf1da444305a57c12cf2b9c60b04f5ffbdd6b,1,1634.0,120.0,0.0,0,0,,,04398d403d0c794a620ed5408673455e3d5a58d595f72eb83296102c5af932eb,3.13.13
"2,10,10,10",28,4,730,40,1,6,120.0,4006,0,8ddbf1da444305a57c12cf2b9c60b04f5ffbdd6b,1,1551.0,120.0,0.0,0,0,,,04398d403d0c794a620ed5408673455e3d5a58d595f72eb83296102c5af932eb,3.13.13
"2,10,10,10",28,4,730,40,1,6,120.0,4007,0,8ddbf1da444305a57c12cf2b9c60b04f5ffbdd6b,1,877.0,120.0,0.0,0,0,,729,04398d403d0c794a620ed5408673455e3d5a58d595f72eb83296102c5af932eb,3.13.13
"2,10,10,10",28,4,730,40,1,6,120.0,4008,0,8ddbf1da444305a57c12cf2b9c60b04f5ffbdd6b,1,2336.0,120.0,0.0,0,0,,730,04398d403d0c794a620ed5408673455e3d5a58d595f72eb83296102c5af932eb,3.13.13
"2,10,10,10",28,4,730,40,1,6,120.0,4009,0,8ddbf1da444305a57c12cf2b9c60b04f5ffbdd6b,1,1858.0,120.0,0.0,0,0,,,04398d403d0c794a620ed5408673455e3d5a58d595f72eb83296102c5af932eb,3.13.13
"2,10,10,10",28,4,730,40,1,6,120.0,4010,0,8ddbf1da444305a57c12cf2b9c60b04f5ffbdd6b,1,1806.0,120.0,0.0,0,0,,717,04398d403d0c794a620ed5408673455e3d5a58d595f72eb83296102c5af932eb,3.13.13
"2,10,10,10",28,4,730,40,1,6,120.0,4011,0,8ddbf1da444305a57c12cf2b9c60b04f5ffbdd6b,1,1994.0,120.0,0.0,0,0,,,04398d403d0c794a620ed5408673455e3d5a58d595f72eb83296102c5af932eb,3.13.13
"2,10,10,10",28,4,730,40,1,6,120.0,4012,0,8ddbf1da444305a57c12cf2b9c60b04f5ffbdd6b,1,1702.0,120.0,0.0,0,0,,,04398d403d0c794a620ed5408673455e3d5a58d595f72eb83296102c5af932eb,3.13.13
"2,10,10,10",28,4,730,40,1,6,120.0,4013,0,8ddbf1da444305a57c12cf2b9c60b04f5ffbdd6b,1,2041.0,120.0,0.0,0,0,,,04398d403d0c794a620ed5408673455e3d5a58d595f72eb83296102c5af932eb,3.13.13
"2,10,10,10",28,4,730,40,1,6,120.0,4014,0,8ddbf1da444305a57c12cf2b9c60b04f5ffbdd6b,1,1758.0,120.0,0.0,0,0,,,04398d403d0c794a620ed5408673455e3d5a58d595f72eb83296102c5af932eb,3.13.13
"2,10,10,10",28,4,730,40,1,6,120.0,4015,0,8ddbf1da444305a57c12cf2b9c60b04f5ffbdd6b,1,2644.0,120.0,0.0,0,0,,724,04398d403d0c794a620ed5408673455e3d5a58d595f72eb83296102c5af932eb,3.13.13
"2,10,10,10",28,4,730,40,1,6,120.0,4016,0,8ddbf1da444305a57c12cf2b9c60b04f5ffbdd6b,1,2456.0,120.0,0.0,0,0,,728,04398d403d0c794a620ed5408673455e3d5a58d595f72eb83296102c5af932eb,3.13.13
"2,10,10,10",28,4,730,40,1,6,120.0,4017,0,8ddbf1da444305a57c12cf2b9c60b04f5ffbdd6b,1,2544.0,120.0,0.0,0,0,,,04398d403d0c794a620ed5408673455e3d5a58d595f72eb83296102c5af932eb,3.13.13
"2,10,10,10",28,4,730,40,1,6,120.0,4018,0,8ddbf1da444305a57c12cf2b9c60b04f5ffbdd6b,1,1291.0,120.0,0.0,0,0,,,04398d403d0c794a620ed5408673455e3d5a58d595f72eb83296102c5af932eb,3.13.13
"2,10,10,10",28,4,730,40,1,6,120.0,4019,0,8ddbf1da444305a57c12cf2b9c60b04f5ffbdd6b,1,1642.0,120.0,0.0,0,0,,,04398d403d0c794a620ed5408673455e3d5a58d595f72eb83296102c5af932eb,3.13.13
"2,10,10,10",28,4,730,40,1,6,120.0,4020,0,8ddbf1da444305a57c12cf2b9c60b04f5ffbdd6b,1,1630.0,120.0,0.0,0,0,,721,04398d403d0c794a620ed5408673455e3d5a58d595f72eb83296102c5af932eb,3.13.13
"2,10,10,10",28,4,730,40,1,6,120.0,4021,0,8ddbf1da444305a57c12cf2b9c60b04f5ffbdd6b,1,1897.0,120.0,0.0,0,0,,,04398d403d0c794a620ed5408673455e3d5a58d595f72eb83296102c5af932eb,3.13.13
"2,10,10,10",28,4,730,40,1,6,120.0,4022,0,8ddbf1da444305a57c12cf2b9c60b04f5ffbdd6b,1,3053.0,120.0,0.0,0,0,,726,04398d403d0c794a620ed5408673455e3d5a58d595f72eb83296102c5af932eb,3.13.13
"2,10,10,10",28,4,730,40,1,6,120.0,4023,0,8ddbf1da444305a57c12cf2b9c60b04f5ffbdd6b,1,3096.0,120.0,0.0,0,0,,,04398d403d0c794a620ed5408673455e3d5a58d595f72eb83296102c5af932eb,3.13.13
"2,10,10,10",28,4,730,40,1,6,120.0,4024,0,8ddbf1da444305a57c12cf2b9c60b04f5ffbdd6b,1,1351.0,120.0,0.0,0,0,,,04398d403d0c794a620ed5408673455e3d5a58d595f72eb83296102c5af932eb,3.13.13
"2,10,10,10",28,4,730,40,1,6,120.0,4025,0,8ddbf1da444305a57c12cf2b9c60b04f5ffbdd6b,1,1281.0,120.0,0.0,0,0,,722,04398d403d0c794a620ed5408673455e3d5a58d595f72eb83296102c5af932eb,3.13.13
"2,10,10,10",28,4,730,40,1,6,120.0,4026,0,8ddbf1da444305a57c12cf2b9c60b04f5ffbdd6b,1,1840.0,120.0,0.0,0,0,,,04398d403d0c794a620ed5408673455e3d5a58d595f72eb83296102c5af932eb,3.13.13
"2,10,10,10",28,4,730,40,1,6,120.0,4027,0,8ddbf1da444305a57c12cf2b9c60b04f5ffbdd6b,1,1625.0,120.0,0.0,0,0,,,04398d403d0c794a620ed5408673455e3d5a58d595f72eb83296102c5af932eb,3.13.13
"2,10,10,10",28,4,730,40,1,6,120.0,4028,0,8ddbf1da444305a57c12cf2b9c60b04f5ffbdd6b,1,2191.0,120.0,0.0,0,0,,,04398d403d0c794a620ed5408673455e3d5a58d595f72eb83296102c5af932eb,3.13.13
"2,10,10,10",28,4,730,40,1,6,120.0,4029,0,8ddbf1da444305a57c12cf2b9c60b04f5ffbdd6b,1,717.0,120.0,0.0,0,0,,,04398d403d0c794a620ed5408673455e3d5a58d595f72eb83296102c5af932eb,3.13.13
"2,10,10,10",28,4,730,40,1,6,120.0,4030,0,8ddbf1da444305a57c12cf2b9c60b04f5ffbdd6b,1,1592.0,120.0,0.0,0,0,,,04398d403d0c794a620ed5408673455e3d5a58d595f72eb83296102c5af932eb,3.13.13
"2,10,10,10",28,4,730,40,1,6,400.0,4001,0,8ddbf1da444305a57c12cf2b9c60b04f5ffbdd6b,1,786.0,230.0,170.0,0,0,,,04398d403d0c794a620ed5408673455e3d5a58d595f72eb83296102c5af932eb,3.13.13
"2,10,10,10",28,4,730,40,1,6,400.0,4002,0,8ddbf1da444305a57c12cf2b9c60b04f5ffbdd6b,1,1270.0,260.0,140.0,0,0,,,04398d403d0c794a620ed5408673455e3d5a58d595f72eb83296102c5af932eb,3.13.13
"2,10,10,10",28,4,730,40,1,6,400.0,4003,0,8ddbf1da444305a57c12cf2b9c60b04f5ffbdd6b,1,569.0,250.0,150.0,0,0,,,04398d403d0c794a620ed5408673455e3d5a58d595f72eb83296102c5af932eb,3.13.13
"2,10,10,10",28,4,730,40,1,6,400.0,4004,0,8ddbf1da444305a57c12cf2b9c60b04f5ffbdd6b,1,697.0,240.0,160.0,0,0,,,04398d403d0c794a620ed5408673455e3d5a58d595f72eb83296102c5af932eb,3.13.13
"2,10,10,10",28,4,730,40,1,6,400.0,4005,0,8ddbf1da444305a57c12cf2b9c60b04f5ffbdd6b,1,1229.0,240.0,160.0,0,0,,,04398d403d0c794a620ed5408673455e3d5a58d595f72eb83296102c5af932eb,3.13.13
"2,10,10,10",28,4,730,40,1,6,400.0,4006,0,8ddbf1da444305a57c12cf2b9c60b04f5ffbdd6b,1,922.0,240.0,160.0,0,0,,,04398d403d0c794a620ed5408673455e3d5a58d595f72eb83296102c5af932eb,3.13.13
"2,10,10,10",28,4,730,40,1,6,400.0,4007,0,8ddbf1da444305a57c12cf2b9c60b04f5ffbdd6b,1,853.0,240.0,160.0,0,0,,,04398d403d0c794a620ed5408673455e3d5a58d595f72eb83296102c5af932eb,3.13.13
"2,10,10,10",28,4,730,40,1,6,400.0,4008,0,8ddbf1da444305a57c12cf2b9c60b04f5ffbdd6b,1,1005.0,240.0,160.0,0,0,,,04398d403d0c794a620ed5408673455e3d5a58d595f72eb83296102c5af932eb,3.13.13
"2,10,10,10",28,4,730,40,1,6,400.0,4009,0,8ddbf1da444305a57c12cf2b9c60b04f5ffbdd6b,1,504.0,240.0,160.0,0,0,,,04398d403d0c794a620ed5408673455e3d5a58d595f72eb83296102c5af932eb,3.13.13
"2,10,10,10",28,4,730,40,1,6,400.0,4010,0,8ddbf1da444305a57c12cf2b9c60b04f5ffbdd6b,1,1323.0,250.0,150.0,0,0,,,04398d403d0c794a620ed5408673455e3d5a58d595f72eb83296102c5af932eb,3.13.13
"2,10,10,10",28,4,730,40,1,6,400.0,4011,0,8ddbf1da444305a57c12cf2b9c60b04f5ffbdd6b,1,532.0,240.0,160.0,0,0,,,04398d403d0c794a620ed5408673455e3d5a58d595f72eb83296102c5af932eb,3.13.13
"2,10,10,10",28,4,730,40,1,6,400.0,4012,0,8ddbf1da444305a57c12cf2b9c60b04f5ffbdd6b,1,761.0,240.0,160.0,0,0,,,04398d403d0c794a620ed5408673455e3d5a58d595f72eb83296102c5af932eb,3.13.13
"2,10,10,10",28,4,730,40,1,6,400.0,4013,0,8ddbf1da444305a57c12cf2b9c60b04f5ffbdd6b,1,939.0,250.0,150.0,0,0,,,04398d403d0c794a620ed5408673455e3d5a58d595f72eb83296102c5af932eb,3.13.13
"2,10,10,10",28,4,730,40,1,6,400.0,4014,0,8ddbf1da444305a57c12cf2b9c60b04f5ffbdd6b,1,1097.0,230.0,170.0,0,0,,,04398d403d0c794a620ed5408673455e3d5a58d595f72eb83296102c5af932eb,3.13.13
"2,10,10,10",28,4,730,40,1,6,400.0,4015,0,8ddbf1da444305a57c12cf2b9c60b04f5ffbdd6b,1,872.0,250.0,150.0,0,0,,,04398d403d0c794a620ed5408673455e3d5a58d595f72eb83296102c5af932eb,3.13.13
"2,10,10,10",28,4,730,40,1,6,400.0,4016,0,8ddbf1da444305a57c12cf2b9c60b04f5ffbdd6b,1,977.0,250.0,150.0,0,0,,,04398d403d0c794a620ed5408673455e3d5a58d595f72eb83296102c5af932eb,3.13.13
"2,10,10,10",28,4,730,40,1,6,400.0,4017,0,8ddbf1da444305a57c12cf2b9c60b04f5ffbdd6b,1,1573.0,240.0,160.0,0,0,,,04398d403d0c794a620ed5408673455e3d5a58d595f72eb83296102c5af932eb,3.13.13
"2,10,10,10",28,4,730,40,1,6,400.0,4018,0,8ddbf1da444305a57c12cf2b9c60b04f5ffbdd6b,1,338.0,240.0,160.0,0,0,,,04398d403d0c794a620ed5408673455e3d5a58d595f72eb83296102c5af932eb,3.13.13
"2,10,10,10",28,4,730,40,1,6,400.0,4019,0,8ddbf1da444305a57c12cf2b9c60b04f5ffbdd6b,1,720.0,250.0,150.0,0,0,,,04398d403d0c794a620ed5408673455e3d5a58d595f72eb83296102c5af932eb,3.13.13
"2,10,10,10",28,4,730,40,1,6,400.0,4020,0,8ddbf1da444305a57c12cf2b9c60b04f5ffbdd6b,1,630.0,240.0,160.0,0,0,,,04398d403d0c794a620ed5408673455e3d5a58d595f72eb83296102c5af932eb,3.13.13
"2,10,10,10",28,4,730,40,1,6,400.0,4021,0,8ddbf1da444305a57c12cf2b9c60b04f5ffbdd6b,1,521.0,240.0,160.0,0,0,,,04398d403d0c794a620ed5408673455e3d5a58d595f72eb83296102c5af932eb,3.13.13
"2,10,10,10",28,4,730,40,1,6,400.0,4022,0,8ddbf1da444305a57c12cf2b9c60b04f5ffbdd6b,1,851.0,240.0,160.0,0,0,,,04398d403d0c794a620ed5408673455e3d5a58d595f72eb83296102c5af932eb,3.13.13
"2,10,10,10",28,4,730,40,1,6,400.0,4023,0,8ddbf1da444305a57c12cf2b9c60b04f5ffbdd6b,1,1000.0,260.0,140.0,0,0,,,04398d403d0c794a620ed5408673455e3d5a58d595f72eb83296102c5af932eb,3.13.13
"2,10,10,10",28,4,730,40,1,6,400.0,4024,0,8ddbf1da444305a57c12cf2b9c60b04f5ffbdd6b,1,571.0,250.0,150.0,0,0,,,04398d403d0c794a620ed5408673455e3d5a58d595f72eb83296102c5af932eb,3.13.13
"2,10,10,10",28,4,730,40,1,6,400.0,4025,0,8ddbf1da444305a57c12cf2b9c60b04f5ffbdd6b,1,470.0,240.0,160.0,0,0,,,04398d403d0c794a620ed5408673455e3d5a58d595f72eb83296102c5af932eb,3.13.13
"2,10,10,10",28,4,730,40,1,6,400.0,4026,0,8ddbf1da444305a57c12cf2b9c60b04f5ffbdd6b,1,1228.0,250.0,150.0,0,0,,,04398d403d0c794a620ed5408673455e3d5a58d595f72eb83296102c5af932eb,3.13.13
"2,10,10,10",28,4,730,40,1,6,400.0,4027,0,8ddbf1da444305a57c12cf2b9c60b04f5ffbdd6b,1,931.0,240.0,160.0,0,0,,,04398d403d0c794a620ed5408673455e3d5a58d595f72eb83296102c5af932eb,3.13.13
"2,10,10,10",28,4,730,40,1,6,400.0,4028,0,8ddbf1da444305a57c12cf2b9c60b04f5ffbdd6b,1,360.0,240.0,160.0,0,0,,,04398d403d0c794a620ed5408673455e3d5a58d595f72eb83296102c5af932eb,3.13.13
"2,10,10,10",28,4,730,40,1,6,400.0,4029,0,8ddbf1da444305a57c12cf2b9c60b04f5ffbdd6b,1,1120.0,240.0,160.0,0,0,,,04398d403d0c794a620ed5408673455e3d5a58d595f72eb83296102c5af932eb,3.13.13
"2,10,10,10",28,4,730,40,1,6,400.0,4030,0,8ddbf1da444305a57c12cf2b9c60b04f5ffbdd6b,1,475.0,240.0,160.0,0,0,,,04398d403d0c794a620ed5408673455e3d5a58d595f72eb83296102c5af932eb,3.13.13
"2,10,10,10",28,4,730,40,2,6,120.0,4001,0,8ddbf1da444305a57c12cf2b9c60b04f5ffbdd6b,1,1375.0,120.0,0.0,0,0,,730,04398d403d0c794a620ed5408673455e3d5a58d595f72eb83296102c5af932eb,3.13.13
"2,10,10,10",28,4,730,40,2,6,120.0,4002,0,8ddbf1da444305a57c12cf2b9c60b04f5ffbdd6b,1,1777.0,120.0,0.0,0,0,,723,04398d403d0c794a620ed5408673455e3d5a58d595f72eb83296102c5af932eb,3.13.13
"2,10,10,10",28,4,730,40,2,6,120.0,4003,0,8ddbf1da444305a57c12cf2b9c60b04f5ffbdd6b,1,1147.0,120.0,0.0,0,0,,,04398d403d0c794a620ed5408673455e3d5a58d595f72eb83296102c5af932eb,3.13.13
"2,10,10,10",28,4,730,40,2,6,120.0,4004,0,8ddbf1da444305a57c12cf2b9c60b04f5ffbdd6b,1,1493.0,120.0,0.0,0,0,,,04398d403d0c794a620ed5408673455e3d5a58d595f72eb83296102c5af932eb,3.13.13
"2,10,10,10",28,4,730,40,2,6,120.0,4005,0,8ddbf1da444305a57c12cf2b9c60b04f5ffbdd6b,1,1111.0,120.0,0.0,0,0,,,04398d403d0c794a620ed5408673455e3d5a58d595f72eb83296102c5af932eb,3.13.13
"2,10,10,10",28,4,730,40,2,6,120.0,4006,0,8ddbf1da444305a57c12cf2b9c60b04f5ffbdd6b,1,1429.0,120.0,0.0,0,0,,,04398d403d0c794a620ed5408673455e3d5a58d595f72eb83296102c5af932eb,3.13.13
"2,10,10,10",28,4,730,40,2,6,120.0,4007,0,8ddbf1da444305a57c12cf2b9c60b04f5ffbdd6b,1,877.0,120.0,0.0,0,0,,729,04398d403d0c794a620ed5408673455e3d5a58d595f72eb83296102c5af932eb,3.13.13
"2,10,10,10",28,4,730,40,2,6,120.0,4008,0,8ddbf1da444305a57c12cf2b9c60b04f5ffbdd6b,1,2336.0,120.0,0.0,0,0,,730,04398d403d0c794a620ed5408673455e3d5a58d595f72eb83296102c5af932eb,3.13.13
"2,10,10,10",28,4,730,40,2,6,120.0,4009,0,8ddbf1da444305a57c12cf2b9c60b04f5ffbdd6b,1,1858.0,120.0,0.0,0,0,,,04398d403d0c794a620ed5408673455e3d5a58d595f72eb83296102c5af932eb,3.13.13
"2,10,10,10",28,4,730,40,2,6,120.0,4010,0,8ddbf1da444305a57c12cf2b9c60b04f5ffbdd6b,1,2204.0,120.0,0.0,0,0,,,04398d403d0c794a620ed5408673455e3d5a58d595f72eb83296102c5af932eb,3.13.13
"2,10,10,10",28,4,730,40,2,6,120.0,4011,0,8ddbf1da444305a57c12cf2b9c60b04f5ffbdd6b,1,1994.0,120.0,0.0,0,0,,,04398d403d0c794a620ed5408673455e3d5a58d595f72eb83296102c5af932eb,3.13.13
"2,10,10,10",28,4,730,40,2,6,120.0,4012,0,8ddbf1da444305a57c12cf2b9c60b04f5ffbdd6b,1,1702.0,120.0,0.0,0,0,,,04398d403d0c794a620ed5408673455e3d5a58d595f72eb83296102c5af932eb,3.13.13
"2,10,10,10",28,4,730,40,2,6,120.0,4013,0,8ddbf1da444305a57c12cf2b9c60b04f5ffbdd6b,1,2041.0,120.0,0.0,0,0,,,04398d403d0c794a620ed5408673455e3d5a58d595f72eb83296102c5af932eb,3.13.13
"2,10,10,10",28,4,730,40,2,6,120.0,4014,0,8ddbf1da444305a57c12cf2b9c60b04f5ffbdd6b,1,1758.0,120.0,0.0,0,0,,,04398d403d0c794a620ed5408673455e3d5a58d595f72eb83296102c5af932eb,3.13.13
"2,10,10,10",28,4,730,40,2,6,120.0,4015,0,8ddbf1da444305a57c12cf2b9c60b04f5ffbdd6b,1,2644.0,120.0,0.0,0,0,,724,04398d403d0c794a620ed5408673455e3d5a58d595f72eb83296102c5af932eb,3.13.13
"2,10,10,10",28,4,730,40,2,6,120.0,4016,0,8ddbf1da444305a57c12cf2b9c60b04f5ffbdd6b,1,2456.0,120.0,0.0,0,0,,728,04398d403d0c794a620ed5408673455e3d5a58d595f72eb83296102c5af932eb,3.13.13
"2,10,10,10",28,4,730,40,2,6,120.0,4017,0,8ddbf1da444305a57c12cf2b9c60b04f5ffbdd6b,1,2544.0,120.0,0.0,0,0,,,04398d403d0c794a620ed5408673455e3d5a58d595f72eb83296102c5af932eb,3.13.13
"2,10,10,10",28,4,730,40,2,6,120.0,4018,0,8ddbf1da444305a57c12cf2b9c60b04f5ffbdd6b,1,1291.0,120.0,0.0,0,0,,,04398d403d0c794a620ed5408673455e3d5a58d595f72eb83296102c5af932eb,3.13.13
"2,10,10,10",28,4,730,40,2,6,120.0,4019,0,8ddbf1da444305a57c12cf2b9c60b04f5ffbdd6b,1,1642.0,120.0,0.0,0,0,,,04398d403d0c794a620ed5408673455e3d5a58d595f72eb83296102c5af932eb,3.13.13
"2,10,10,10",28,4,730,40,2,6,120.0,4020,0,8ddbf1da444305a57c12cf2b9c60b04f5ffbdd6b,1,1477.0,120.0,0.0,0,0,,728,04398d403d0c794a620ed5408673455e3d5a58d595f72eb83296102c5af932eb,3.13.13
"2,10,10,10",28,4,730,40,2,6,120.0,4021,0,8ddbf1da444305a57c12cf2b9c60b04f5ffbdd6b,1,1692.0,120.0,0.0,0,0,,727,04398d403d0c794a620ed5408673455e3d5a58d595f72eb83296102c5af932eb,3.13.13
"2,10,10,10",28,4,730,40,2,6,120.0,4022,0,8ddbf1da444305a57c12cf2b9c60b04f5ffbdd6b,1,1498.0,120.0,0.0,0,0,,,04398d403d0c794a620ed5408673455e3d5a58d595f72eb83296102c5af932eb,3.13.13
"2,10,10,10",28,4,730,40,2,6,120.0,4023,0,8ddbf1da444305a57c12cf2b9c60b04f5ffbdd6b,1,1979.0,120.0,0.0,0,0,,,04398d403d0c794a620ed5408673455e3d5a58d595f72eb83296102c5af932eb,3.13.13
"2,10,10,10",28,4,730,40,2,6,120.0,4024,0,8ddbf1da444305a57c12cf2b9c60b04f5ffbdd6b,1,1904.0,120.0,0.0,0,0,,,04398d403d0c794a620ed5408673455e3d5a58d595f72eb83296102c5af932eb,3.13.13
"2,10,10,10",28,4,730,40,2,6,120.0,4025,0,8ddbf1da444305a57c12cf2b9c60b04f5ffbdd6b,1,1281.0,120.0,0.0,0,0,,722,04398d403d0c794a620ed5408673455e3d5a58d595f72eb83296102c5af932eb,3.13.13
"2,10,10,10",28,4,730,40,2,6,120.0,4026,0,8ddbf1da444305a57c12cf2b9c60b04f5ffbdd6b,1,1840.0,120.0,0.0,0,0,,,04398d403d0c794a620ed5408673455e3d5a58d595f72eb83296102c5af932eb,3.13.13
"2,10,10,10",28,4,730,40,2,6,120.0,4027,0,8ddbf1da444305a57c12cf2b9c60b04f5ffbdd6b,1,1426.0,120.0,0.0,0,0,,,04398d403d0c794a620ed5408673455e3d5a58d595f72eb83296102c5af932eb,3.13.13
"2,10,10,10",28,4,730,40,2,6,120.0,4028,0,8ddbf1da444305a57c12cf2b9c60b04f5ffbdd6b,1,2191.0,120.0,0.0,0,0,,,04398d403d0c794a620ed5408673455e3d5a58d595f72eb83296102c5af932eb,3.13.13
"2,10,10,10",28,4,730,40,2,6,120.0,4029,0,8ddbf1da444305a57c12cf2b9c60b04f5ffbdd6b,1,717.0,120.0,0.0,0,0,,,04398d403d0c794a620ed5408673455e3d5a58d595f72eb83296102c5af932eb,3.13.13
"2,10,10,10",28,4,730,40,2,6,120.0,4030,0,8ddbf1da444305a57c12cf2b9c60b04f5ffbdd6b,1,1236.0,120.0,0.0,0,0,,725,04398d403d0c794a620ed5408673455e3d5a58d595f72eb83296102c5af932eb,3.13.13
"2,10,10,10",28,4,730,40,2,6,400.0,4001,0,8ddbf1da444305a57c12cf2b9c60b04f5ffbdd6b,1,786.0,230.0,170.0,0,0,,,04398d403d0c794a620ed5408673455e3d5a58d595f72eb83296102c5af932eb,3.13.13
"2,10,10,10",28,4,730,40,2,6,400.0,4002,0,8ddbf1da444305a57c12cf2b9c60b04f5ffbdd6b,1,1270.0,260.0,140.0,0,0,,,04398d403d0c794a620ed5408673455e3d5a58d595f72eb83296102c5af932eb,3.13.13
"2,10,10,10",28,4,730,40,2,6,400.0,4003,0,8ddbf1da444305a57c12cf2b9c60b04f5ffbdd6b,1,569.0,250.0,150.0,0,0,,,04398d403d0c794a620ed5408673455e3d5a58d595f72eb83296102c5af932eb,3.13.13
"2,10,10,10",28,4,730,40,2,6,400.0,4004,0,8ddbf1da444305a57c12cf2b9c60b04f5ffbdd6b,1,697.0,240.0,160.0,0,0,,,04398d403d0c794a620ed5408673455e3d5a58d595f72eb83296102c5af932eb,3.13.13
"2,10,10,10",28,4,730,40,2,6,400.0,4005,0,8ddbf1da444305a57c12cf2b9c60b04f5ffbdd6b,1,935.0,240.0,160.0,0,0,,,04398d403d0c794a620ed5408673455e3d5a58d595f72eb83296102c5af932eb,3.13.13
"2,10,10,10",28,4,730,40,2,6,400.0,4006,0,8ddbf1da444305a57c12cf2b9c60b04f5ffbdd6b,1,922.0,240.0,160.0,0,0,,,04398d403d0c794a620ed5408673455e3d5a58d595f72eb83296102c5af932eb,3.13.13
"2,10,10,10",28,4,730,40,2,6,400.0,4007,0,8ddbf1da444305a57c12cf2b9c60b04f5ffbdd6b,1,853.0,240.0,160.0,0,0,,,04398d403d0c794a620ed5408673455e3d5a58d595f72eb83296102c5af932eb,3.13.13
"2,10,10,10",28,4,730,40,2,6,400.0,4008,0,8ddbf1da444305a57c12cf2b9c60b04f5ffbdd6b,1,1005.0,240.0,160.0,0,0,,,04398d403d0c794a620ed5408673455e3d5a58d595f72eb83296102c5af932eb,3.13.13
"2,10,10,10",28,4,730,40,2,6,400.0,4009,0,8ddbf1da444305a57c12cf2b9c60b04f5ffbdd6b,1,504.0,240.0,160.0,0,0,,,04398d403d0c794a620ed5408673455e3d5a58d595f72eb83296102c5af932eb,3.13.13
"2,10,10,10",28,4,730,40,2,6,400.0,4010,0,8ddbf1da444305a57c12cf2b9c60b04f5ffbdd6b,1,1323.0,250.0,150.0,0,0,,,04398d403d0c794a620ed5408673455e3d5a58d595f72eb83296102c5af932eb,3.13.13
"2,10,10,10",28,4,730,40,2,6,400.0,4011,0,8ddbf1da444305a57c12cf2b9c60b04f5ffbdd6b,1,532.0,240.0,160.0,0,0,,,04398d403d0c794a620ed5408673455e3d5a58d595f72eb83296102c5af932eb,3.13.13
"2,10,10,10",28,4,730,40,2,6,400.0,4012,0,8ddbf1da444305a57c12cf2b9c60b04f5ffbdd6b,1,761.0,240.0,160.0,0,0,,,04398d403d0c794a620ed5408673455e3d5a58d595f72eb83296102c5af932eb,3.13.13
"2,10,10,10",28,4,730,40,2,6,400.0,4013,0,8ddbf1da444305a57c12cf2b9c60b04f5ffbdd6b,1,939.0,250.0,150.0,0,0,,,04398d403d0c794a620ed5408673455e3d5a58d595f72eb83296102c5af932eb,3.13.13
"2,10,10,10",28,4,730,40,2,6,400.0,4014,0,8ddbf1da444305a57c12cf2b9c60b04f5ffbdd6b,1,1490.0,230.0,170.0,0,0,,,04398d403d0c794a620ed5408673455e3d5a58d595f72eb83296102c5af932eb,3.13.13
"2,10,10,10",28,4,730,40,2,6,400.0,4015,0,8ddbf1da444305a57c12cf2b9c60b04f5ffbdd6b,1,983.0,240.0,160.0,0,0,,,04398d403d0c794a620ed5408673455e3d5a58d595f72eb83296102c5af932eb,3.13.13
"2,10,10,10",28,4,730,40,2,6,400.0,4016,0,8ddbf1da444305a57c12cf2b9c60b04f5ffbdd6b,1,977.0,250.0,150.0,0,0,,,04398d403d0c794a620ed5408673455e3d5a58d595f72eb83296102c5af932eb,3.13.13
"2,10,10,10",28,4,730,40,2,6,400.0,4017,0,8ddbf1da444305a57c12cf2b9c60b04f5ffbdd6b,1,1573.0,240.0,160.0,0,0,,,04398d403d0c794a620ed5408673455e3d5a58d595f72eb83296102c5af932eb,3.13.13
"2,10,10,10",28,4,730,40,2,6,400.0,4018,0,8ddbf1da444305a57c12cf2b9c60b04f5ffbdd6b,1,338.0,240.0,160.0,0,0,,,04398d403d0c794a620ed5408673455e3d5a58d595f72eb83296102c5af932eb,3.13.13
"2,10,10,10",28,4,730,40,2,6,400.0,4019,0,8ddbf1da444305a57c12cf2b9c60b04f5ffbdd6b,1,720.0,250.0,150.0,0,0,,,04398d403d0c794a620ed5408673455e3d5a58d595f72eb83296102c5af932eb,3.13.13
"2,10,10,10",28,4,730,40,2,6,400.0,4020,0,8ddbf1da444305a57c12cf2b9c60b04f5ffbdd6b,1,630.0,240.0,160.0,0,0,,,04398d403d0c794a620ed5408673455e3d5a58d595f72eb83296102c5af932eb,3.13.13
"2,10,10,10",28,4,730,40,2,6,400.0,4021,0,8ddbf1da444305a57c12cf2b9c60b04f5ffbdd6b,1,521.0,240.0,160.0,0,0,,,04398d403d0c794a620ed5408673455e3d5a58d595f72eb83296102c5af932eb,3.13.13
"2,10,10,10",28,4,730,40,2,6,400.0,4022,0,8ddbf1da444305a57c12cf2b9c60b04f5ffbdd6b,1,851.0,240.0,160.0,0,0,,,04398d403d0c794a620ed5408673455e3d5a58d595f72eb83296102c5af932eb,3.13.13
"2,10,10,10",28,4,730,40,2,6,400.0,4023,0,8ddbf1da444305a57c12cf2b9c60b04f5ffbdd6b,1,1000.0,260.0,140.0,0,0,,,04398d403d0c794a620ed5408673455e3d5a58d595f72eb83296102c5af932eb,3.13.13
"2,10,10,10",28,4,730,40,2,6,400.0,4024,0,8ddbf1da444305a57c12cf2b9c60b04f5ffbdd6b,1,571.0,250.0,150.0,0,0,,,04398d403d0c794a620ed5408673455e3d5a58d595f72eb83296102c5af932eb,3.13.13
"2,10,10,10",28,4,730,40,2,6,400.0,4025,0,8ddbf1da444305a57c12cf2b9c60b04f5ffbdd6b,1,470.0,240.0,160.0,0,0,,,04398d403d0c794a620ed5408673455e3d5a58d595f72eb83296102c5af932eb,3.13.13
"2,10,10,10",28,4,730,40,2,6,400.0,4026,0,8ddbf1da444305a57c12cf2b9c60b04f5ffbdd6b,1,1124.0,240.0,160.0,0,0,,,04398d403d0c794a620ed5408673455e3d5a58d595f72eb83296102c5af932eb,3.13.13
"2,10,10,10",28,4,730,40,2,6,400.0,4027,0,8ddbf1da444305a57c12cf2b9c60b04f5ffbdd6b,1,888.0,230.0,170.0,0,0,,,04398d403d0c794a620ed5408673455e3d5a58d595f72eb83296102c5af932eb,3.13.13
"2,10,10,10",28,4,730,40,2,6,400.0,4028,0,8ddbf1da444305a57c12cf2b9c60b04f5ffbdd6b,1,360.0,240.0,160.0,0,0,,,04398d403d0c794a620ed5408673455e3d5a58d595f72eb83296102c5af932eb,3.13.13
"2,10,10,10",28,4,730,40,2,6,400.0,4029,0,8ddbf1da444305a57c12cf2b9c60b04f5ffbdd6b,1,1120.0,240.0,160.0,0,0,,,04398d403d0c794a620ed5408673455e3d5a58d595f72eb83296102c5af932eb,3.13.13
"2,10,10,10",28,4,730,40,2,6,400.0,4030,0,8ddbf1da444305a57c12cf2b9c60b04f5ffbdd6b,1,493.0,240.0,160.0,0,0,,,04398d403d0c794a620ed5408673455e3d5a58d595f72eb83296102c5af932eb,3.13.13
"2,10,10,10",28,4,730,10,1,6,120.0,4001,0,8ddbf1da444305a57c12cf2b9c60b04f5ffbdd6b,1,1512.0,120.0,0.0,0,0,,,04398d403d0c794a620ed5408673455e3d5a58d595f72eb83296102c5af932eb,3.13.13
"2,10,10,10",28,4,730,10,1,6,120.0,4002,0,8ddbf1da444305a57c12cf2b9c60b04f5ffbdd6b,1,1103.0,120.0,0.0,0,0,,,04398d403d0c794a620ed5408673455e3d5a58d595f72eb83296102c5af932eb,3.13.13
"2,10,10,10",28,4,730,10,1,6,120.0,4003,0,8ddbf1da444305a57c12cf2b9c60b04f5ffbdd6b,1,607.0,120.0,0.0,0,0,,,04398d403d0c794a620ed5408673455e3d5a58d595f72eb83296102c5af932eb,3.13.13
"2,10,10,10",28,4,730,10,1,6,120.0,4004,0,8ddbf1da444305a57c12cf2b9c60b04f5ffbdd6b,1,1482.0,120.0,0.0,0,0,,,04398d403d0c794a620ed5408673455e3d5a58d595f72eb83296102c5af932eb,3.13.13
"2,10,10,10",28,4,730,10,1,6,120.0,4005,0,8ddbf1da444305a57c12cf2b9c60b04f5ffbdd6b,1,2218.0,120.0,0.0,0,0,,725,04398d403d0c794a620ed5408673455e3d5a58d595f72eb83296102c5af932eb,3.13.13
"2,10,10,10",28,4,730,10,1,6,120.0,4006,0,8ddbf1da444305a57c12cf2b9c60b04f5ffbdd6b,1,2103.0,120.0,0.0,0,0,,729,04398d403d0c794a620ed5408673455e3d5a58d595f72eb83296102c5af932eb,3.13.13
"2,10,10,10",28,4,730,10,1,6,120.0,4007,0,8ddbf1da444305a57c12cf2b9c60b04f5ffbdd6b,1,832.0,120.0,0.0,0,0,,700,04398d403d0c794a620ed5408673455e3d5a58d595f72eb83296102c5af932eb,3.13.13
"2,10,10,10",28,4,730,10,1,6,120.0,4008,0,8ddbf1da444305a57c12cf2b9c60b04f5ffbdd6b,1,845.0,120.0,0.0,0,0,,,04398d403d0c794a620ed5408673455e3d5a58d595f72eb83296102c5af932eb,3.13.13
"2,10,10,10",28,4,730,10,1,6,120.0,4009,0,8ddbf1da444305a57c12cf2b9c60b04f5ffbdd6b,1,1101.0,120.0,0.0,0,0,,,04398d403d0c794a620ed5408673455e3d5a58d595f72eb83296102c5af932eb,3.13.13
"2,10,10,10",28,4,730,10,1,6,120.0,4010,0,8ddbf1da444305a57c12cf2b9c60b04f5ffbdd6b,1,2218.0,120.0,0.0,0,0,,,04398d403d0c794a620ed5408673455e3d5a58d595f72eb83296102c5af932eb,3.13.13
"2,10,10,10",28,4,730,10,1,6,120.0,4011,0,8ddbf1da444305a57c12cf2b9c60b04f5ffbdd6b,1,907.0,120.0,0.0,0,0,,,04398d403d0c794a620ed5408673455e3d5a58d595f72eb83296102c5af932eb,3.13.13
"2,10,10,10",28,4,730,10,1,6,120.0,4012,0,8ddbf1da444305a57c12cf2b9c60b04f5ffbdd6b,1,940.0,120.0,0.0,0,0,,,04398d403d0c794a620ed5408673455e3d5a58d595f72eb83296102c5af932eb,3.13.13
"2,10,10,10",28,4,730,10,1,6,120.0,4013,0,8ddbf1da444305a57c12cf2b9c60b04f5ffbdd6b,1,1633.0,120.0,0.0,0,0,,727,04398d403d0c794a620ed5408673455e3d5a58d595f72eb83296102c5af932eb,3.13.13
"2,10,10,10",28,4,730,10,1,6,120.0,4014,0,8ddbf1da444305a57c12cf2b9c60b04f5ffbdd6b,1,927.0,120.0,0.0,0,0,,,04398d403d0c794a620ed5408673455e3d5a58d595f72eb83296102c5af932eb,3.13.13
"2,10,10,10",28,4,730,10,1,6,120.0,4015,0,8ddbf1da444305a57c12cf2b9c60b04f5ffbdd6b,1,1528.0,120.0,0.0,0,0,,713,04398d403d0c794a620ed5408673455e3d5a58d595f72eb83296102c5af932eb,3.13.13
"2,10,10,10",28,4,730,10,1,6,120.0,4016,0,8ddbf1da444305a57c12cf2b9c60b04f5ffbdd6b,1,1147.0,120.0,0.0,0,0,,,04398d403d0c794a620ed5408673455e3d5a58d595f72eb83296102c5af932eb,3.13.13
"2,10,10,10",28,4,730,10,1,6,120.0,4017,0,8ddbf1da444305a57c12cf2b9c60b04f5ffbdd6b,1,1944.0,120.0,0.0,0,0,,,04398d403d0c794a620ed5408673455e3d5a58d595f72eb83296102c5af932eb,3.13.13
"2,10,10,10",28,4,730,10,1,6,120.0,4018,0,8ddbf1da444305a57c12cf2b9c60b04f5ffbdd6b,1,682.0,120.0,0.0,0,0,,,04398d403d0c794a620ed5408673455e3d5a58d595f72eb83296102c5af932eb,3.13.13
"2,10,10,10",28,4,730,10,1,6,120.0,4019,0,8ddbf1da444305a57c12cf2b9c60b04f5ffbdd6b,1,1567.0,120.0,0.0,0,0,,722,04398d403d0c794a620ed5408673455e3d5a58d595f72eb83296102c5af932eb,3.13.13
"2,10,10,10",28,4,730,10,1,6,120.0,4020,0,8ddbf1da444305a57c12cf2b9c60b04f5ffbdd6b,1,1313.0,120.0,0.0,0,0,,709,04398d403d0c794a620ed5408673455e3d5a58d595f72eb83296102c5af932eb,3.13.13
"2,10,10,10",28,4,730,10,1,6,120.0,4021,0,8ddbf1da444305a57c12cf2b9c60b04f5ffbdd6b,1,1120.0,120.0,0.0,0,0,,726,04398d403d0c794a620ed5408673455e3d5a58d595f72eb83296102c5af932eb,3.13.13
"2,10,10,10",28,4,730,10,1,6,120.0,4022,0,8ddbf1da444305a57c12cf2b9c60b04f5ffbdd6b,1,1651.0,120.0,0.0,0,0,,,04398d403d0c794a620ed5408673455e3d5a58d595f72eb83296102c5af932eb,3.13.13
"2,10,10,10",28,4,730,10,1,6,120.0,4023,0,8ddbf1da444305a57c12cf2b9c60b04f5ffbdd6b,1,1710.0,120.0,0.0,0,0,,,04398d403d0c794a620ed5408673455e3d5a58d595f72eb83296102c5af932eb,3.13.13
"2,10,10,10",28,4,730,10,1,6,120.0,4024,0,8ddbf1da444305a57c12cf2b9c60b04f5ffbdd6b,1,1522.0,120.0,0.0,0,0,,,04398d403d0c794a620ed5408673455e3d5a58d595f72eb83296102c5af932eb,3.13.13
"2,10,10,10",28,4,730,10,1,6,120.0,4025,0,8ddbf1da444305a57c12cf2b9c60b04f5ffbdd6b,1,1245.0,120.0,0.0,0,0,,,04398d403d0c794a620ed5408673455e3d5a58d595f72eb83296102c5af932eb,3.13.13
"2,10,10,10",28,4,730,10,1,6,120.0,4026,0,8ddbf1da444305a57c12cf2b9c60b04f5ffbdd6b,1,1573.0,120.0,0.0,0,0,,,04398d403d0c794a620ed5408673455e3d5a58d595f72eb83296102c5af932eb,3.13.13
"2,10,10,10",28,4,730,10,1,6,120.0,4027,0,8ddbf1da444305a57c12cf2b9c60b04f5ffbdd6b,1,1765.0,120.0,0.0,0,0,,711,04398d403d0c794a620ed5408673455e3d5a58d595f72eb83296102c5af932eb,3.13.13
"2,10,10,10",28,4,730,10,1,6,120.0,4028,0,8ddbf1da444305a57c12cf2b9c60b04f5ffbdd6b,1,1301.0,120.0,0.0,0,0,,,04398d403d0c794a620ed5408673455e3d5a58d595f72eb83296102c5af932eb,3.13.13
"2,10,10,10",28,4,730,10,1,6,120.0,4029,0,8ddbf1da444305a57c12cf2b9c60b04f5ffbdd6b,1,1627.0,120.0,0.0,0,0,,,04398d403d0c794a620ed5408673455e3d5a58d595f72eb83296102c5af932eb,3.13.13
"2,10,10,10",28,4,730,10,1,6,120.0,4030,0,8ddbf1da444305a57c12cf2b9c60b04f5ffbdd6b,1,1293.0,120.0,0.0,0,0,,,04398d403d0c794a620ed5408673455e3d5a58d595f72eb83296102c5af932eb,3.13.13
"2,10,10,10",28,4,730,10,1,6,400.0,4001,0,8ddbf1da444305a57c12cf2b9c60b04f5ffbdd6b,1,239.0,240.0,160.0,0,0,,,04398d403d0c794a620ed5408673455e3d5a58d595f72eb83296102c5af932eb,3.13.13
"2,10,10,10",28,4,730,10,1,6,400.0,4002,0,8ddbf1da444305a57c12cf2b9c60b04f5ffbdd6b,1,830.0,240.0,160.0,0,0,,,04398d403d0c794a620ed5408673455e3d5a58d595f72eb83296102c5af932eb,3.13.13
"2,10,10,10",28,4,730,10,1,6,400.0,4003,0,8ddbf1da444305a57c12cf2b9c60b04f5ffbdd6b,1,345.0,240.0,160.0,0,0,,,04398d403d0c794a620ed5408673455e3d5a58d595f72eb83296102c5af932eb,3.13.13
"2,10,10,10",28,4,730,10,1,6,400.0,4004,0,8ddbf1da444305a57c12cf2b9c60b04f5ffbdd6b,1,485.0,240.0,160.0,0,0,,,04398d403d0c794a620ed5408673455e3d5a58d595f72eb83296102c5af932eb,3.13.13
"2,10,10,10",28,4,730,10,1,6,400.0,4005,0,8ddbf1da444305a57c12cf2b9c60b04f5ffbdd6b,1,920.0,250.0,150.0,0,0,,,04398d403d0c794a620ed5408673455e3d5a58d595f72eb83296102c5af932eb,3.13.13
"2,10,10,10",28,4,730,10,1,6,400.0,4006,0,8ddbf1da444305a57c12cf2b9c60b04f5ffbdd6b,1,400.0,260.0,140.0,0,0,,,04398d403d0c794a620ed5408673455e3d5a58d595f72eb83296102c5af932eb,3.13.13
"2,10,10,10",28,4,730,10,1,6,400.0,4007,0,8ddbf1da444305a57c12cf2b9c60b04f5ffbdd6b,1,865.0,270.0,130.0,0,0,,,04398d403d0c794a620ed5408673455e3d5a58d595f72eb83296102c5af932eb,3.13.13
"2,10,10,10",28,4,730,10,1,6,400.0,4008,0,8ddbf1da444305a57c12cf2b9c60b04f5ffbdd6b,1,357.0,240.0,160.0,0,0,,,04398d403d0c794a620ed5408673455e3d5a58d595f72eb83296102c5af932eb,3.13.13
"2,10,10,10",28,4,730,10,1,6,400.0,4009,0,8ddbf1da444305a57c12cf2b9c60b04f5ffbdd6b,1,335.0,240.0,160.0,0,0,,,04398d403d0c794a620ed5408673455e3d5a58d595f72eb83296102c5af932eb,3.13.13
"2,10,10,10",28,4,730,10,1,6,400.0,4010,0,8ddbf1da444305a57c12cf2b9c60b04f5ffbdd6b,1,843.0,260.0,140.0,0,0,,,04398d403d0c794a620ed5408673455e3d5a58d595f72eb83296102c5af932eb,3.13.13
"2,10,10,10",28,4,730,10,1,6,400.0,4011,0,8ddbf1da444305a57c12cf2b9c60b04f5ffbdd6b,1,760.0,240.0,160.0,0,0,,,04398d403d0c794a620ed5408673455e3d5a58d595f72eb83296102c5af932eb,3.13.13
"2,10,10,10",28,4,730,10,1,6,400.0,4012,0,8ddbf1da444305a57c12cf2b9c60b04f5ffbdd6b,1,120.0,250.0,150.0,0,0,,,04398d403d0c794a620ed5408673455e3d5a58d595f72eb83296102c5af932eb,3.13.13
"2,10,10,10",28,4,730,10,1,6,400.0,4013,0,8ddbf1da444305a57c12cf2b9c60b04f5ffbdd6b,1,635.0,240.0,160.0,0,0,,,04398d403d0c794a620ed5408673455e3d5a58d595f72eb83296102c5af932eb,3.13.13
"2,10,10,10",28,4,730,10,1,6,400.0,4014,0,8ddbf1da444305a57c12cf2b9c60b04f5ffbdd6b,1,548.0,240.0,160.0,0,0,,,04398d403d0c794a620ed5408673455e3d5a58d595f72eb83296102c5af932eb,3.13.13
"2,10,10,10",28,4,730,10,1,6,400.0,4015,0,8ddbf1da444305a57c12cf2b9c60b04f5ffbdd6b,1,979.0,240.0,160.0,0,0,,,04398d403d0c794a620ed5408673455e3d5a58d595f72eb83296102c5af932eb,3.13.13
"2,10,10,10",28,4,730,10,1,6,400.0,4016,0,8ddbf1da444305a57c12cf2b9c60b04f5ffbdd6b,1,958.0,240.0,160.0,0,0,,,04398d403d0c794a620ed5408673455e3d5a58d595f72eb83296102c5af932eb,3.13.13
"2,10,10,10",28,4,730,10,1,6,400.0,4017,0,8ddbf1da444305a57c12cf2b9c60b04f5ffbdd6b,1,871.0,250.0,150.0,0,0,,,04398d403d0c794a620ed5408673455e3d5a58d595f72eb83296102c5af932eb,3.13.13
"2,10,10,10",28,4,730,10,1,6,400.0,4018,0,8ddbf1da444305a57c12cf2b9c60b04f5ffbdd6b,1,470.0,240.0,160.0,0,0,,,04398d403d0c794a620ed5408673455e3d5a58d595f72eb83296102c5af932eb,3.13.13
"2,10,10,10",28,4,730,10,1,6,400.0,4019,0,8ddbf1da444305a57c12cf2b9c60b04f5ffbdd6b,1,608.0,240.0,160.0,0,0,,,04398d403d0c794a620ed5408673455e3d5a58d595f72eb83296102c5af932eb,3.13.13
"2,10,10,10",28,4,730,10,1,6,400.0,4020,0,8ddbf1da444305a57c12cf2b9c60b04f5ffbdd6b,1,845.0,240.0,160.0,0,0,,,04398d403d0c794a620ed5408673455e3d5a58d595f72eb83296102c5af932eb,3.13.13
"2,10,10,10",28,4,730,10,1,6,400.0,4021,0,8ddbf1da444305a57c12cf2b9c60b04f5ffbdd6b,1,365.0,270.0,130.0,0,0,,,04398d403d0c794a620ed5408673455e3d5a58d595f72eb83296102c5af932eb,3.13.13
"2,10,10,10",28,4,730,10,1,6,400.0,4022,0,8ddbf1da444305a57c12cf2b9c60b04f5ffbdd6b,1,237.0,240.0,160.0,0,0,,,04398d403d0c794a620ed5408673455e3d5a58d595f72eb83296102c5af932eb,3.13.13
"2,10,10,10",28,4,730,10,1,6,400.0,4023,0,8ddbf1da444305a57c12cf2b9c60b04f5ffbdd6b,1,761.0,240.0,160.0,0,0,,,04398d403d0c794a620ed5408673455e3d5a58d595f72eb83296102c5af932eb,3.13.13
"2,10,10,10",28,4,730,10,1,6,400.0,4024,0,8ddbf1da444305a57c12cf2b9c60b04f5ffbdd6b,1,462.0,240.0,160.0,0,0,,,04398d403d0c794a620ed5408673455e3d5a58d595f72eb83296102c5af932eb,3.13.13
"2,10,10,10",28,4,730,10,1,6,400.0,4025,0,8ddbf1da444305a57c12cf2b9c60b04f5ffbdd6b,1,390.0,240.0,160.0,0,0,,,04398d403d0c794a620ed5408673455e3d5a58d595f72eb83296102c5af932eb,3.13.13
"2,10,10,10",28,4,730,10,1,6,400.0,4026,0,8ddbf1da444305a57c12cf2b9c60b04f5ffbdd6b,1,1147.0,260.0,140.0,0,0,,,04398d403d0c794a620ed5408673455e3d5a58d595f72eb83296102c5af932eb,3.13.13
"2,10,10,10",28,4,730,10,1,6,400.0,4027,0,8ddbf1da444305a57c12cf2b9c60b04f5ffbdd6b,1,768.0,240.0,160.0,0,0,,,04398d403d0c794a620ed5408673455e3d5a58d595f72eb83296102c5af932eb,3.13.13
"2,10,10,10",28,4,730,10,1,6,400.0,4028,0,8ddbf1da444305a57c12cf2b9c60b04f5ffbdd6b,1,318.0,260.0,140.0,0,0,,,04398d403d0c794a620ed5408673455e3d5a58d595f72eb83296102c5af932eb,3.13.13
"2,10,10,10",28,4,730,10,1,6,400.0,4029,0,8ddbf1da444305a57c12cf2b9c60b04f5ffbdd6b,1,770.0,240.0,160.0,0,0,,,04398d403d0c794a620ed5408673455e3d5a58d595f72eb83296102c5af932eb,3.13.13
"2,10,10,10",28,4,730,10,1,6,400.0,4030,0,8ddbf1da444305a57c12cf2b9c60b04f5ffbdd6b,1,269.0,240.0,160.0,0,0,,,04398d403d0c794a620ed5408673455e3d5a58d595f72eb83296102c5af932eb,3.13.13
"2,10,10,10",28,4,730,10,2,6,120.0,4001,0,8ddbf1da444305a57c12cf2b9c60b04f5ffbdd6b,1,1512.0,120.0,0.0,0,0,,,04398d403d0c794a620ed5408673455e3d5a58d595f72eb83296102c5af932eb,3.13.13
"2,10,10,10",28,4,730,10,2,6,120.0,4002,0,8ddbf1da444305a57c12cf2b9c60b04f5ffbdd6b,1,1103.0,120.0,0.0,0,0,,,04398d403d0c794a620ed5408673455e3d5a58d595f72eb83296102c5af932eb,3.13.13
"2,10,10,10",28,4,730,10,2,6,120.0,4003,0,8ddbf1da444305a57c12cf2b9c60b04f5ffbdd6b,1,607.0,120.0,0.0,0,0,,,04398d403d0c794a620ed5408673455e3d5a58d595f72eb83296102c5af932eb,3.13.13
"2,10,10,10",28,4,730,10,2,6,120.0,4004,0,8ddbf1da444305a57c12cf2b9c60b04f5ffbdd6b,1,1482.0,120.0,0.0,0,0,,,04398d403d0c794a620ed5408673455e3d5a58d595f72eb83296102c5af932eb,3.13.13
"2,10,10,10",28,4,730,10,2,6,120.0,4005,0,8ddbf1da444305a57c12cf2b9c60b04f5ffbdd6b,1,2218.0,120.0,0.0,0,0,,725,04398d403d0c794a620ed5408673455e3d5a58d595f72eb83296102c5af932eb,3.13.13
"2,10,10,10",28,4,730,10,2,6,120.0,4006,0,8ddbf1da444305a57c12cf2b9c60b04f5ffbdd6b,1,2103.0,120.0,0.0,0,0,,729,04398d403d0c794a620ed5408673455e3d5a58d595f72eb83296102c5af932eb,3.13.13
"2,10,10,10",28,4,730,10,2,6,120.0,4007,0,8ddbf1da444305a57c12cf2b9c60b04f5ffbdd6b,1,832.0,120.0,0.0,0,0,,700,04398d403d0c794a620ed5408673455e3d5a58d595f72eb83296102c5af932eb,3.13.13
"2,10,10,10",28,4,730,10,2,6,120.0,4008,0,8ddbf1da444305a57c12cf2b9c60b04f5ffbdd6b,1,845.0,120.0,0.0,0,0,,,04398d403d0c794a620ed5408673455e3d5a58d595f72eb83296102c5af932eb,3.13.13
"2,10,10,10",28,4,730,10,2,6,120.0,4009,0,8ddbf1da444305a57c12cf2b9c60b04f5ffbdd6b,1,1101.0,120.0,0.0,0,0,,,04398d403d0c794a620ed5408673455e3d5a58d595f72eb83296102c5af932eb,3.13.13
"2,10,10,10",28,4,730,10,2,6,120.0,4010,0,8ddbf1da444305a57c12cf2b9c60b04f5ffbdd6b,1,2218.0,120.0,0.0,0,0,,,04398d403d0c794a620ed5408673455e3d5a58d595f72eb83296102c5af932eb,3.13.13
"2,10,10,10",28,4,730,10,2,6,120.0,4011,0,8ddbf1da444305a57c12cf2b9c60b04f5ffbdd6b,1,907.0,120.0,0.0,0,0,,,04398d403d0c794a620ed5408673455e3d5a58d595f72eb83296102c5af932eb,3.13.13
"2,10,10,10",28,4,730,10,2,6,120.0,4012,0,8ddbf1da444305a57c12cf2b9c60b04f5ffbdd6b,1,940.0,120.0,0.0,0,0,,,04398d403d0c794a620ed5408673455e3d5a58d595f72eb83296102c5af932eb,3.13.13
"2,10,10,10",28,4,730,10,2,6,120.0,4013,0,8ddbf1da444305a57c12cf2b9c60b04f5ffbdd6b,1,1231.0,120.0,0.0,0,0,,,04398d403d0c794a620ed5408673455e3d5a58d595f72eb83296102c5af932eb,3.13.13
"2,10,10,10",28,4,730,10,2,6,120.0,4014,0,8ddbf1da444305a57c12cf2b9c60b04f5ffbdd6b,1,927.0,120.0,0.0,0,0,,,04398d403d0c794a620ed5408673455e3d5a58d595f72eb83296102c5af932eb,3.13.13
"2,10,10,10",28,4,730,10,2,6,120.0,4015,0,8ddbf1da444305a57c12cf2b9c60b04f5ffbdd6b,1,1528.0,120.0,0.0,0,0,,713,04398d403d0c794a620ed5408673455e3d5a58d595f72eb83296102c5af932eb,3.13.13
"2,10,10,10",28,4,730,10,2,6,120.0,4016,0,8ddbf1da444305a57c12cf2b9c60b04f5ffbdd6b,1,1147.0,120.0,0.0,0,0,,,04398d403d0c794a620ed5408673455e3d5a58d595f72eb83296102c5af932eb,3.13.13
"2,10,10,10",28,4,730,10,2,6,120.0,4017,0,8ddbf1da444305a57c12cf2b9c60b04f5ffbdd6b,1,2151.0,120.0,0.0,0,0,,,04398d403d0c794a620ed5408673455e3d5a58d595f72eb83296102c5af932eb,3.13.13
"2,10,10,10",28,4,730,10,2,6,120.0,4018,0,8ddbf1da444305a57c12cf2b9c60b04f5ffbdd6b,1,682.0,120.0,0.0,0,0,,,04398d403d0c794a620ed5408673455e3d5a58d595f72eb83296102c5af932eb,3.13.13
"2,10,10,10",28,4,730,10,2,6,120.0,4019,0,8ddbf1da444305a57c12cf2b9c60b04f5ffbdd6b,1,1567.0,120.0,0.0,0,0,,722,04398d403d0c794a620ed5408673455e3d5a58d595f72eb83296102c5af932eb,3.13.13
"2,10,10,10",28,4,730,10,2,6,120.0,4020,0,8ddbf1da444305a57c12cf2b9c60b04f5ffbdd6b,1,1254.0,120.0,0.0,0,0,,,04398d403d0c794a620ed5408673455e3d5a58d595f72eb83296102c5af932eb,3.13.13
"2,10,10,10",28,4,730,10,2,6,120.0,4021,0,8ddbf1da444305a57c12cf2b9c60b04f5ffbdd6b,1,1488.0,120.0,0.0,0,0,,,04398d403d0c794a620ed5408673455e3d5a58d595f72eb83296102c5af932eb,3.13.13
"2,10,10,10",28,4,730,10,2,6,120.0,4022,0,8ddbf1da444305a57c12cf2b9c60b04f5ffbdd6b,1,1173.0,120.0,0.0,0,0,,726,04398d403d0c794a620ed5408673455e3d5a58d595f72eb83296102c5af932eb,3.13.13
"2,10,10,10",28,4,730,10,2,6,120.0,4023,0,8ddbf1da444305a57c12cf2b9c60b04f5ffbdd6b,1,1710.0,120.0,0.0,0,0,,,04398d403d0c794a620ed5408673455e3d5a58d595f72eb83296102c5af932eb,3.13.13
"2,10,10,10",28,4,730,10,2,6,120.0,4024,0,8ddbf1da444305a57c12cf2b9c60b04f5ffbdd6b,1,1522.0,120.0,0.0,0,0,,,04398d403d0c794a620ed5408673455e3d5a58d595f72eb83296102c5af932eb,3.13.13
"2,10,10,10",28,4,730,10,2,6,120.0,4025,0,8ddbf1da444305a57c12cf2b9c60b04f5ffbdd6b,1,1245.0,120.0,0.0,0,0,,,04398d403d0c794a620ed5408673455e3d5a58d595f72eb83296102c5af932eb,3.13.13
"2,10,10,10",28,4,730,10,2,6,120.0,4026,0,8ddbf1da444305a57c12cf2b9c60b04f5ffbdd6b,1,1573.0,120.0,0.0,0,0,,,04398d403d0c794a620ed5408673455e3d5a58d595f72eb83296102c5af932eb,3.13.13
"2,10,10,10",28,4,730,10,2,6,120.0,4027,0,8ddbf1da444305a57c12cf2b9c60b04f5ffbdd6b,1,1394.0,120.0,0.0,0,0,,725,04398d403d0c794a620ed5408673455e3d5a58d595f72eb83296102c5af932eb,3.13.13
"2,10,10,10",28,4,730,10,2,6,120.0,4028,0,8ddbf1da444305a57c12cf2b9c60b04f5ffbdd6b,1,1301.0,120.0,0.0,0,0,,,04398d403d0c794a620ed5408673455e3d5a58d595f72eb83296102c5af932eb,3.13.13
"2,10,10,10",28,4,730,10,2,6,120.0,4029,0,8ddbf1da444305a57c12cf2b9c60b04f5ffbdd6b,1,1670.0,120.0,0.0,0,0,,,04398d403d0c794a620ed5408673455e3d5a58d595f72eb83296102c5af932eb,3.13.13
"2,10,10,10",28,4,730,10,2,6,120.0,4030,0,8ddbf1da444305a57c12cf2b9c60b04f5ffbdd6b,1,404.0,120.0,0.0,0,0,,,04398d403d0c794a620ed5408673455e3d5a58d595f72eb83296102c5af932eb,3.13.13
"2,10,10,10",28,4,730,10,2,6,400.0,4001,0,8ddbf1da444305a57c12cf2b9c60b04f5ffbdd6b,1,225.0,240.0,160.0,0,0,,,04398d403d0c794a620ed5408673455e3d5a58d595f72eb83296102c5af932eb,3.13.13
"2,10,10,10",28,4,730,10,2,6,400.0,4002,0,8ddbf1da444305a57c12cf2b9c60b04f5ffbdd6b,1,830.0,240.0,160.0,0,0,,,04398d403d0c794a620ed5408673455e3d5a58d595f72eb83296102c5af932eb,3.13.13
"2,10,10,10",28,4,730,10,2,6,400.0,4003,0,8ddbf1da444305a57c12cf2b9c60b04f5ffbdd6b,1,633.0,240.0,160.0,0,0,,,04398d403d0c794a620ed5408673455e3d5a58d595f72eb83296102c5af932eb,3.13.13
"2,10,10,10",28,4,730,10,2,6,400.0,4004,0,8ddbf1da444305a57c12cf2b9c60b04f5ffbdd6b,1,376.0,260.0,140.0,0,0,,,04398d403d0c794a620ed5408673455e3d5a58d595f72eb83296102c5af932eb,3.13.13
"2,10,10,10",28,4,730,10,2,6,400.0,4005,0,8ddbf1da444305a57c12cf2b9c60b04f5ffbdd6b,1,920.0,250.0,150.0,0,0,,,04398d403d0c794a620ed5408673455e3d5a58d595f72eb83296102c5af932eb,3.13.13
"2,10,10,10",28,4,730,10,2,6,400.0,4006,0,8ddbf1da444305a57c12cf2b9c60b04f5ffbdd6b,1,432.0,260.0,140.0,0,0,,,04398d403d0c794a620ed5408673455e3d5a58d595f72eb83296102c5af932eb,3.13.13
"2,10,10,10",28,4,730,10,2,6,400.0,4007,0,8ddbf1da444305a57c12cf2b9c60b04f5ffbdd6b,1,873.0,270.0,130.0,0,0,,,04398d403d0c794a620ed5408673455e3d5a58d595f72eb83296102c5af932eb,3.13.13
"2,10,10,10",28,4,730,10,2,6,400.0,4008,0,8ddbf1da444305a57c12cf2b9c60b04f5ffbdd6b,1,357.0,240.0,160.0,0,0,,,04398d403d0c794a620ed5408673455e3d5a58d595f72eb83296102c5af932eb,3.13.13
"2,10,10,10",28,4,730,10,2,6,400.0,4009,0,8ddbf1da444305a57c12cf2b9c60b04f5ffbdd6b,1,335.0,240.0,160.0,0,0,,,04398d403d0c794a620ed5408673455e3d5a58d595f72eb83296102c5af932eb,3.13.13
"2,10,10,10",28,4,730,10,2,6,400.0,4010,0,8ddbf1da444305a57c12cf2b9c60b04f5ffbdd6b,1,1232.0,240.0,160.0,0,0,,,04398d403d0c794a620ed5408673455e3d5a58d595f72eb83296102c5af932eb,3.13.13
"2,10,10,10",28,4,730,10,2,6,400.0,4011,0,8ddbf1da444305a57c12cf2b9c60b04f5ffbdd6b,1,760.0,240.0,160.0,0,0,,,04398d403d0c794a620ed5408673455e3d5a58d595f72eb83296102c5af932eb,3.13.13
"2,10,10,10",28,4,730,10,2,6,400.0,4012,0,8ddbf1da444305a57c12cf2b9c60b04f5ffbdd6b,1,120.0,250.0,150.0,0,0,,,04398d403d0c794a620ed5408673455e3d5a58d595f72eb83296102c5af932eb,3.13.13
"2,10,10,10",28,4,730,10,2,6,400.0,4013,0,8ddbf1da444305a57c12cf2b9c60b04f5ffbdd6b,1,264.0,250.0,150.0,0,0,,,04398d403d0c794a620ed5408673455e3d5a58d595f72eb83296102c5af932eb,3.13.13
"2,10,10,10",28,4,730,10,2,6,400.0,4014,0,8ddbf1da444305a57c12cf2b9c60b04f5ffbdd6b,1,548.0,240.0,160.0,0,0,,,04398d403d0c794a620ed5408673455e3d5a58d595f72eb83296102c5af932eb,3.13.13
"2,10,10,10",28,4,730,10,2,6,400.0,4015,0,8ddbf1da444305a57c12cf2b9c60b04f5ffbdd6b,1,898.0,240.0,160.0,0,0,,,04398d403d0c794a620ed5408673455e3d5a58d595f72eb83296102c5af932eb,3.13.13
"2,10,10,10",28,4,730,10,2,6,400.0,4016,0,8ddbf1da444305a57c12cf2b9c60b04f5ffbdd6b,1,958.0,240.0,160.0,0,0,,,04398d403d0c794a620ed5408673455e3d5a58d595f72eb83296102c5af932eb,3.13.13
"2,10,10,10",28,4,730,10,2,6,400.0,4017,0,8ddbf1da444305a57c12cf2b9c60b04f5ffbdd6b,1,871.0,250.0,150.0,0,0,,,04398d403d0c794a620ed5408673455e3d5a58d595f72eb83296102c5af932eb,3.13.13
"2,10,10,10",28,4,730,10,2,6,400.0,4018,0,8ddbf1da444305a57c12cf2b9c60b04f5ffbdd6b,1,406.0,270.0,130.0,0,0,,,04398d403d0c794a620ed5408673455e3d5a58d595f72eb83296102c5af932eb,3.13.13
"2,10,10,10",28,4,730,10,2,6,400.0,4019,0,8ddbf1da444305a57c12cf2b9c60b04f5ffbdd6b,1,712.0,240.0,160.0,0,0,,,04398d403d0c794a620ed5408673455e3d5a58d595f72eb83296102c5af932eb,3.13.13
"2,10,10,10",28,4,730,10,2,6,400.0,4020,0,8ddbf1da444305a57c12cf2b9c60b04f5ffbdd6b,1,375.0,260.0,140.0,0,0,,,04398d403d0c794a620ed5408673455e3d5a58d595f72eb83296102c5af932eb,3.13.13
"2,10,10,10",28,4,730,10,2,6,400.0,4021,0,8ddbf1da444305a57c12cf2b9c60b04f5ffbdd6b,1,365.0,270.0,130.0,0,0,,,04398d403d0c794a620ed5408673455e3d5a58d595f72eb83296102c5af932eb,3.13.13
"2,10,10,10",28,4,730,10,2,6,400.0,4022,0,8ddbf1da444305a57c12cf2b9c60b04f5ffbdd6b,1,456.0,240.0,160.0,0,0,,,04398d403d0c794a620ed5408673455e3d5a58d595f72eb83296102c5af932eb,3.13.13
"2,10,10,10",28,4,730,10,2,6,400.0,4023,0,8ddbf1da444305a57c12cf2b9c60b04f5ffbdd6b,1,761.0,240.0,160.0,0,0,,,04398d403d0c794a620ed5408673455e3d5a58d595f72eb83296102c5af932eb,3.13.13
"2,10,10,10",28,4,730,10,2,6,400.0,4024,0,8ddbf1da444305a57c12cf2b9c60b04f5ffbdd6b,1,462.0,240.0,160.0,0,0,,,04398d403d0c794a620ed5408673455e3d5a58d595f72eb83296102c5af932eb,3.13.13
"2,10,10,10",28,4,730,10,2,6,400.0,4025,0,8ddbf1da444305a57c12cf2b9c60b04f5ffbdd6b,1,239.0,240.0,160.0,0,0,,,04398d403d0c794a620ed5408673455e3d5a58d595f72eb83296102c5af932eb,3.13.13
"2,10,10,10",28,4,730,10,2,6,400.0,4026,0,8ddbf1da444305a57c12cf2b9c60b04f5ffbdd6b,1,1197.0,250.0,150.0,0,0,,,04398d403d0c794a620ed5408673455e3d5a58d595f72eb83296102c5af932eb,3.13.13
"2,10,10,10",28,4,730,10,2,6,400.0,4027,0,8ddbf1da444305a57c12cf2b9c60b04f5ffbdd6b,1,768.0,240.0,160.0,0,0,,,04398d403d0c794a620ed5408673455e3d5a58d595f72eb83296102c5af932eb,3.13.13
"2,10,10,10",28,4,730,10,2,6,400.0,4028,0,8ddbf1da444305a57c12cf2b9c60b04f5ffbdd6b,1,318.0,260.0,140.0,0,0,,,04398d403d0c794a620ed5408673455e3d5a58d595f72eb83296102c5af932eb,3.13.13
"2,10,10,10",28,4,730,10,2,6,400.0,4029,0,8ddbf1da444305a57c12cf2b9c60b04f5ffbdd6b,1,484.0,240.0,160.0,0,0,,,04398d403d0c794a620ed5408673455e3d5a58d595f72eb83296102c5af932eb,3.13.13
"2,10,10,10",28,4,730,10,2,6,400.0,4030,0,8ddbf1da444305a57c12cf2b9c60b04f5ffbdd6b,1,583.0,240.0,160.0,0,0,,,04398d403d0c794a620ed5408673455e3d5a58d595f72eb83296102c5af932eb,3.13.13
"2,7,10,r",28,4,730,40,1,6,120.0,4001,0,8ddbf1da444305a57c12cf2b9c60b04f5ffbdd6b,1,1725.0,120.0,0.0,0,0,,,d564b725f4e2473af5afe671b2fa1ce71784066b253086b8bcaeedd1ea9e43b1,3.13.13
"2,7,10,r",28,4,730,40,1,6,120.0,4002,0,8ddbf1da444305a57c12cf2b9c60b04f5ffbdd6b,1,2176.0,120.0,0.0,0,0,,715,d564b725f4e2473af5afe671b2fa1ce71784066b253086b8bcaeedd1ea9e43b1,3.13.13
"2,7,10,r",28,4,730,40,1,6,120.0,4003,0,8ddbf1da444305a57c12cf2b9c60b04f5ffbdd6b,1,2127.0,120.0,0.0,0,0,,715,d564b725f4e2473af5afe671b2fa1ce71784066b253086b8bcaeedd1ea9e43b1,3.13.13
"2,7,10,r",28,4,730,40,1,6,120.0,4004,0,8ddbf1da444305a57c12cf2b9c60b04f5ffbdd6b,1,2252.0,120.0,0.0,0,0,,,d564b725f4e2473af5afe671b2fa1ce71784066b253086b8bcaeedd1ea9e43b1,3.13.13
"2,7,10,r",28,4,730,40,1,6,120.0,4005,0,8ddbf1da444305a57c12cf2b9c60b04f5ffbdd6b,1,2933.0,120.0,0.0,0,0,,,d564b725f4e2473af5afe671b2fa1ce71784066b253086b8bcaeedd1ea9e43b1,3.13.13
"2,7,10,r",28,4,730,40,1,6,120.0,4006,0,8ddbf1da444305a57c12cf2b9c60b04f5ffbdd6b,1,1218.0,120.0,0.0,0,0,,720,d564b725f4e2473af5afe671b2fa1ce71784066b253086b8bcaeedd1ea9e43b1,3.13.13
"2,7,10,r",28,4,730,40,1,6,120.0,4007,0,8ddbf1da444305a57c12cf2b9c60b04f5ffbdd6b,1,1929.0,120.0,0.0,0,0,,723,d564b725f4e2473af5afe671b2fa1ce71784066b253086b8bcaeedd1ea9e43b1,3.13.13
"2,7,10,r",28,4,730,40,1,6,120.0,4008,0,8ddbf1da444305a57c12cf2b9c60b04f5ffbdd6b,1,635.0,120.0,0.0,0,0,,,d564b725f4e2473af5afe671b2fa1ce71784066b253086b8bcaeedd1ea9e43b1,3.13.13
"2,7,10,r",28,4,730,40,1,6,120.0,4009,0,8ddbf1da444305a57c12cf2b9c60b04f5ffbdd6b,1,1707.0,120.0,0.0,0,0,,,d564b725f4e2473af5afe671b2fa1ce71784066b253086b8bcaeedd1ea9e43b1,3.13.13
"2,7,10,r",28,4,730,40,1,6,120.0,4010,0,8ddbf1da444305a57c12cf2b9c60b04f5ffbdd6b,1,1499.0,120.0,0.0,0,0,,722,d564b725f4e2473af5afe671b2fa1ce71784066b253086b8bcaeedd1ea9e43b1,3.13.13
"2,7,10,r",28,4,730,40,1,6,120.0,4011,0,8ddbf1da444305a57c12cf2b9c60b04f5ffbdd6b,1,930.0,120.0,0.0,0,0,,,d564b725f4e2473af5afe671b2fa1ce71784066b253086b8bcaeedd1ea9e43b1,3.13.13
"2,7,10,r",28,4,730,40,1,6,120.0,4012,0,8ddbf1da444305a57c12cf2b9c60b04f5ffbdd6b,1,451.0,120.0,0.0,0,0,,,d564b725f4e2473af5afe671b2fa1ce71784066b253086b8bcaeedd1ea9e43b1,3.13.13
"2,7,10,r",28,4,730,40,1,6,120.0,4013,0,8ddbf1da444305a57c12cf2b9c60b04f5ffbdd6b,1,2494.0,120.0,0.0,0,0,,,d564b725f4e2473af5afe671b2fa1ce71784066b253086b8bcaeedd1ea9e43b1,3.13.13
"2,7,10,r",28,4,730,40,1,6,120.0,4014,0,8ddbf1da444305a57c12cf2b9c60b04f5ffbdd6b,1,1716.0,120.0,0.0,0,0,,,d564b725f4e2473af5afe671b2fa1ce71784066b253086b8bcaeedd1ea9e43b1,3.13.13
"2,7,10,r",28,4,730,40,1,6,120.0,4015,0,8ddbf1da444305a57c12cf2b9c60b04f5ffbdd6b,1,1915.0,120.0,0.0,0,0,,728,d564b725f4e2473af5afe671b2fa1ce71784066b253086b8bcaeedd1ea9e43b1,3.13.13
"2,7,10,r",28,4,730,40,1,6,120.0,4016,0,8ddbf1da444305a57c12cf2b9c60b04f5ffbdd6b,1,1499.0,120.0,0.0,0,0,,,d564b725f4e2473af5afe671b2fa1ce71784066b253086b8bcaeedd1ea9e43b1,3.13.13
"2,7,10,r",28,4,730,40,1,6,120.0,4017,0,8ddbf1da444305a57c12cf2b9c60b04f5ffbdd6b,1,1119.0,120.0,0.0,0,0,,,d564b725f4e2473af5afe671b2fa1ce71784066b253086b8bcaeedd1ea9e43b1,3.13.13
"2,7,10,r",28,4,730,40,1,6,120.0,4018,0,8ddbf1da444305a57c12cf2b9c60b04f5ffbdd6b,1,1294.0,120.0,0.0,0,0,,,d564b725f4e2473af5afe671b2fa1ce71784066b253086b8bcaeedd1ea9e43b1,3.13.13
"2,7,10,r",28,4,730,40,1,6,120.0,4019,0,8ddbf1da444305a57c12cf2b9c60b04f5ffbdd6b,1,2209.0,120.0,0.0,0,0,,705,d564b725f4e2473af5afe671b2fa1ce71784066b253086b8bcaeedd1ea9e43b1,3.13.13
"2,7,10,r",28,4,730,40,1,6,120.0,4020,0,8ddbf1da444305a57c12cf2b9c60b04f5ffbdd6b,1,1496.0,120.0,0.0,0,0,,730,d564b725f4e2473af5afe671b2fa1ce71784066b253086b8bcaeedd1ea9e43b1,3.13.13
"2,7,10,r",28,4,730,40,1,6,120.0,4021,0,8ddbf1da444305a57c12cf2b9c60b04f5ffbdd6b,1,1836.0,120.0,0.0,0,0,,711,d564b725f4e2473af5afe671b2fa1ce71784066b253086b8bcaeedd1ea9e43b1,3.13.13
"2,7,10,r",28,4,730,40,1,6,120.0,4022,0,8ddbf1da444305a57c12cf2b9c60b04f5ffbdd6b,1,1380.0,120.0,0.0,0,0,,,d564b725f4e2473af5afe671b2fa1ce71784066b253086b8bcaeedd1ea9e43b1,3.13.13
"2,7,10,r",28,4,730,40,1,6,120.0,4023,0,8ddbf1da444305a57c12cf2b9c60b04f5ffbdd6b,1,2256.0,120.0,0.0,0,0,,698,d564b725f4e2473af5afe671b2fa1ce71784066b253086b8bcaeedd1ea9e43b1,3.13.13
"2,7,10,r",28,4,730,40,1,6,120.0,4024,0,8ddbf1da444305a57c12cf2b9c60b04f5ffbdd6b,1,1781.0,120.0,0.0,0,0,,,d564b725f4e2473af5afe671b2fa1ce71784066b253086b8bcaeedd1ea9e43b1,3.13.13
"2,7,10,r",28,4,730,40,1,6,120.0,4025,0,8ddbf1da444305a57c12cf2b9c60b04f5ffbdd6b,1,1334.0,120.0,0.0,0,0,,710,d564b725f4e2473af5afe671b2fa1ce71784066b253086b8bcaeedd1ea9e43b1,3.13.13
"2,7,10,r",28,4,730,40,1,6,120.0,4026,0,8ddbf1da444305a57c12cf2b9c60b04f5ffbdd6b,1,354.0,120.0,0.0,0,0,,,d564b725f4e2473af5afe671b2fa1ce71784066b253086b8bcaeedd1ea9e43b1,3.13.13
"2,7,10,r",28,4,730,40,1,6,120.0,4027,0,8ddbf1da444305a57c12cf2b9c60b04f5ffbdd6b,1,2438.0,120.0,0.0,0,0,,724,d564b725f4e2473af5afe671b2fa1ce71784066b253086b8bcaeedd1ea9e43b1,3.13.13
"2,7,10,r",28,4,730,40,1,6,120.0,4028,0,8ddbf1da444305a57c12cf2b9c60b04f5ffbdd6b,1,1168.0,120.0,0.0,0,0,,,d564b725f4e2473af5afe671b2fa1ce71784066b253086b8bcaeedd1ea9e43b1,3.13.13
"2,7,10,r",28,4,730,40,1,6,120.0,4029,0,8ddbf1da444305a57c12cf2b9c60b04f5ffbdd6b,1,1307.0,120.0,0.0,0,0,,725,d564b725f4e2473af5afe671b2fa1ce71784066b253086b8bcaeedd1ea9e43b1,3.13.13
"2,7,10,r",28,4,730,40,1,6,120.0,4030,0,8ddbf1da444305a57c12cf2b9c60b04f5ffbdd6b,1,1489.0,120.0,0.0,0,0,,,d564b725f4e2473af5afe671b2fa1ce71784066b253086b8bcaeedd1ea9e43b1,3.13.13
"2,7,10,r",28,4,730,40,1,6,400.0,4001,0,8ddbf1da444305a57c12cf2b9c60b04f5ffbdd6b,1,698.0,400.0,0.0,0,0,,,d564b725f4e2473af5afe671b2fa1ce71784066b253086b8bcaeedd1ea9e43b1,3.13.13
"2,7,10,r",28,4,730,40,1,6,400.0,4002,0,8ddbf1da444305a57c12cf2b9c60b04f5ffbdd6b,1,1689.0,400.0,0.0,0,0,,,d564b725f4e2473af5afe671b2fa1ce71784066b253086b8bcaeedd1ea9e43b1,3.13.13
"2,7,10,r",28,4,730,40,1,6,400.0,4003,0,8ddbf1da444305a57c12cf2b9c60b04f5ffbdd6b,1,1111.0,400.0,0.0,0,0,,,d564b725f4e2473af5afe671b2fa1ce71784066b253086b8bcaeedd1ea9e43b1,3.13.13
"2,7,10,r",28,4,730,40,1,6,400.0,4004,0,8ddbf1da444305a57c12cf2b9c60b04f5ffbdd6b,1,919.0,400.0,0.0,0,0,,,d564b725f4e2473af5afe671b2fa1ce71784066b253086b8bcaeedd1ea9e43b1,3.13.13
"2,7,10,r",28,4,730,40,1,6,400.0,4005,0,8ddbf1da444305a57c12cf2b9c60b04f5ffbdd6b,1,691.0,400.0,0.0,0,0,,,d564b725f4e2473af5afe671b2fa1ce71784066b253086b8bcaeedd1ea9e43b1,3.13.13
"2,7,10,r",28,4,730,40,1,6,400.0,4006,0,8ddbf1da444305a57c12cf2b9c60b04f5ffbdd6b,1,603.0,400.0,0.0,0,0,,,d564b725f4e2473af5afe671b2fa1ce71784066b253086b8bcaeedd1ea9e43b1,3.13.13
"2,7,10,r",28,4,730,40,1,6,400.0,4007,0,8ddbf1da444305a57c12cf2b9c60b04f5ffbdd6b,1,477.0,400.0,0.0,0,0,,,d564b725f4e2473af5afe671b2fa1ce71784066b253086b8bcaeedd1ea9e43b1,3.13.13
"2,7,10,r",28,4,730,40,1,6,400.0,4008,0,8ddbf1da444305a57c12cf2b9c60b04f5ffbdd6b,1,351.0,400.0,0.0,0,0,,,d564b725f4e2473af5afe671b2fa1ce71784066b253086b8bcaeedd1ea9e43b1,3.13.13
"2,7,10,r",28,4,730,40,1,6,400.0,4009,0,8ddbf1da444305a57c12cf2b9c60b04f5ffbdd6b,1,900.0,400.0,0.0,0,0,,,d564b725f4e2473af5afe671b2fa1ce71784066b253086b8bcaeedd1ea9e43b1,3.13.13
"2,7,10,r",28,4,730,40,1,6,400.0,4010,0,8ddbf1da444305a57c12cf2b9c60b04f5ffbdd6b,1,875.0,400.0,0.0,0,0,,,d564b725f4e2473af5afe671b2fa1ce71784066b253086b8bcaeedd1ea9e43b1,3.13.13
"2,7,10,r",28,4,730,40,1,6,400.0,4011,0,8ddbf1da444305a57c12cf2b9c60b04f5ffbdd6b,1,913.0,400.0,0.0,0,0,,,d564b725f4e2473af5afe671b2fa1ce71784066b253086b8bcaeedd1ea9e43b1,3.13.13
"2,7,10,r",28,4,730,40,1,6,400.0,4012,0,8ddbf1da444305a57c12cf2b9c60b04f5ffbdd6b,1,1150.0,400.0,0.0,0,0,,,d564b725f4e2473af5afe671b2fa1ce71784066b253086b8bcaeedd1ea9e43b1,3.13.13
"2,7,10,r",28,4,730,40,1,6,400.0,4013,0,8ddbf1da444305a57c12cf2b9c60b04f5ffbdd6b,1,879.0,400.0,0.0,0,0,,,d564b725f4e2473af5afe671b2fa1ce71784066b253086b8bcaeedd1ea9e43b1,3.13.13
"2,7,10,r",28,4,730,40,1,6,400.0,4014,0,8ddbf1da444305a57c12cf2b9c60b04f5ffbdd6b,1,1217.0,400.0,0.0,0,0,,,d564b725f4e2473af5afe671b2fa1ce71784066b253086b8bcaeedd1ea9e43b1,3.13.13
"2,7,10,r",28,4,730,40,1,6,400.0,4015,0,8ddbf1da444305a57c12cf2b9c60b04f5ffbdd6b,1,1160.0,400.0,0.0,0,0,,730,d564b725f4e2473af5afe671b2fa1ce71784066b253086b8bcaeedd1ea9e43b1,3.13.13
"2,7,10,r",28,4,730,40,1,6,400.0,4016,0,8ddbf1da444305a57c12cf2b9c60b04f5ffbdd6b,1,327.0,400.0,0.0,0,0,,,d564b725f4e2473af5afe671b2fa1ce71784066b253086b8bcaeedd1ea9e43b1,3.13.13
"2,7,10,r",28,4,730,40,1,6,400.0,4017,0,8ddbf1da444305a57c12cf2b9c60b04f5ffbdd6b,1,660.0,400.0,0.0,0,0,,,d564b725f4e2473af5afe671b2fa1ce71784066b253086b8bcaeedd1ea9e43b1,3.13.13
"2,7,10,r",28,4,730,40,1,6,400.0,4018,0,8ddbf1da444305a57c12cf2b9c60b04f5ffbdd6b,1,781.0,400.0,0.0,0,0,,,d564b725f4e2473af5afe671b2fa1ce71784066b253086b8bcaeedd1ea9e43b1,3.13.13
"2,7,10,r",28,4,730,40,1,6,400.0,4019,0,8ddbf1da444305a57c12cf2b9c60b04f5ffbdd6b,1,838.0,400.0,0.0,0,0,,,d564b725f4e2473af5afe671b2fa1ce71784066b253086b8bcaeedd1ea9e43b1,3.13.13
"2,7,10,r",28,4,730,40,1,6,400.0,4020,0,8ddbf1da444305a57c12cf2b9c60b04f5ffbdd6b,1,942.0,400.0,0.0,0,0,,,d564b725f4e2473af5afe671b2fa1ce71784066b253086b8bcaeedd1ea9e43b1,3.13.13
"2,7,10,r",28,4,730,40,1,6,400.0,4021,0,8ddbf1da444305a57c12cf2b9c60b04f5ffbdd6b,1,1201.0,400.0,0.0,0,0,,,d564b725f4e2473af5afe671b2fa1ce71784066b253086b8bcaeedd1ea9e43b1,3.13.13
"2,7,10,r",28,4,730,40,1,6,400.0,4022,0,8ddbf1da444305a57c12cf2b9c60b04f5ffbdd6b,1,582.0,400.0,0.0,0,0,,,d564b725f4e2473af5afe671b2fa1ce71784066b253086b8bcaeedd1ea9e43b1,3.13.13
"2,7,10,r",28,4,730,40,1,6,400.0,4023,0,8ddbf1da444305a57c12cf2b9c60b04f5ffbdd6b,1,1013.0,390.0,10.0,0,0,,,d564b725f4e2473af5afe671b2fa1ce71784066b253086b8bcaeedd1ea9e43b1,3.13.13
"2,7,10,r",28,4,730,40,1,6,400.0,4024,0,8ddbf1da444305a57c12cf2b9c60b04f5ffbdd6b,1,596.0,400.0,0.0,0,0,,,d564b725f4e2473af5afe671b2fa1ce71784066b253086b8bcaeedd1ea9e43b1,3.13.13
"2,7,10,r",28,4,730,40,1,6,400.0,4025,0,8ddbf1da444305a57c12cf2b9c60b04f5ffbdd6b,1,540.0,400.0,0.0,0,0,,,d564b725f4e2473af5afe671b2fa1ce71784066b253086b8bcaeedd1ea9e43b1,3.13.13
"2,7,10,r",28,4,730,40,1,6,400.0,4026,0,8ddbf1da444305a57c12cf2b9c60b04f5ffbdd6b,1,323.0,400.0,0.0,0,0,,,d564b725f4e2473af5afe671b2fa1ce71784066b253086b8bcaeedd1ea9e43b1,3.13.13
"2,7,10,r",28,4,730,40,1,6,400.0,4027,0,8ddbf1da444305a57c12cf2b9c60b04f5ffbdd6b,1,1324.0,400.0,0.0,0,0,,,d564b725f4e2473af5afe671b2fa1ce71784066b253086b8bcaeedd1ea9e43b1,3.13.13
"2,7,10,r",28,4,730,40,1,6,400.0,4028,0,8ddbf1da444305a57c12cf2b9c60b04f5ffbdd6b,1,439.0,400.0,0.0,0,0,,,d564b725f4e2473af5afe671b2fa1ce71784066b253086b8bcaeedd1ea9e43b1,3.13.13
"2,7,10,r",28,4,730,40,1,6,400.0,4029,0,8ddbf1da444305a57c12cf2b9c60b04f5ffbdd6b,1,703.0,400.0,0.0,0,0,,,d564b725f4e2473af5afe671b2fa1ce71784066b253086b8bcaeedd1ea9e43b1,3.13.13
"2,7,10,r",28,4,730,40,1,6,400.0,4030,0,8ddbf1da444305a57c12cf2b9c60b04f5ffbdd6b,1,645.0,400.0,0.0,0,0,,,d564b725f4e2473af5afe671b2fa1ce71784066b253086b8bcaeedd1ea9e43b1,3.13.13
"2,7,10,r",28,4,730,40,2,6,120.0,4001,0,8ddbf1da444305a57c12cf2b9c60b04f5ffbdd6b,1,1725.0,120.0,0.0,0,0,,,d564b725f4e2473af5afe671b2fa1ce71784066b253086b8bcaeedd1ea9e43b1,3.13.13
"2,7,10,r",28,4,730,40,2,6,120.0,4002,0,8ddbf1da444305a57c12cf2b9c60b04f5ffbdd6b,1,2176.0,120.0,0.0,0,0,,715,d564b725f4e2473af5afe671b2fa1ce71784066b253086b8bcaeedd1ea9e43b1,3.13.13
"2,7,10,r",28,4,730,40,2,6,120.0,4003,0,8ddbf1da444305a57c12cf2b9c60b04f5ffbdd6b,1,2127.0,120.0,0.0,0,0,,715,d564b725f4e2473af5afe671b2fa1ce71784066b253086b8bcaeedd1ea9e43b1,3.13.13
"2,7,10,r",28,4,730,40,2,6,120.0,4004,0,8ddbf1da444305a57c12cf2b9c60b04f5ffbdd6b,1,2252.0,120.0,0.0,0,0,,,d564b725f4e2473af5afe671b2fa1ce71784066b253086b8bcaeedd1ea9e43b1,3.13.13
"2,7,10,r",28,4,730,40,2,6,120.0,4005,0,8ddbf1da444305a57c12cf2b9c60b04f5ffbdd6b,1,2933.0,120.0,0.0,0,0,,,d564b725f4e2473af5afe671b2fa1ce71784066b253086b8bcaeedd1ea9e43b1,3.13.13
"2,7,10,r",28,4,730,40,2,6,120.0,4006,0,8ddbf1da444305a57c12cf2b9c60b04f5ffbdd6b,1,1218.0,120.0,0.0,0,0,,720,d564b725f4e2473af5afe671b2fa1ce71784066b253086b8bcaeedd1ea9e43b1,3.13.13
"2,7,10,r",28,4,730,40,2,6,120.0,4007,0,8ddbf1da444305a57c12cf2b9c60b04f5ffbdd6b,1,1929.0,120.0,0.0,0,0,,723,d564b725f4e2473af5afe671b2fa1ce71784066b253086b8bcaeedd1ea9e43b1,3.13.13
"2,7,10,r",28,4,730,40,2,6,120.0,4008,0,8ddbf1da444305a57c12cf2b9c60b04f5ffbdd6b,1,635.0,120.0,0.0,0,0,,,d564b725f4e2473af5afe671b2fa1ce71784066b253086b8bcaeedd1ea9e43b1,3.13.13
"2,7,10,r",28,4,730,40,2,6,120.0,4009,0,8ddbf1da444305a57c12cf2b9c60b04f5ffbdd6b,1,1707.0,120.0,0.0,0,0,,,d564b725f4e2473af5afe671b2fa1ce71784066b253086b8bcaeedd1ea9e43b1,3.13.13
"2,7,10,r",28,4,730,40,2,6,120.0,4010,0,8ddbf1da444305a57c12cf2b9c60b04f5ffbdd6b,1,1499.0,120.0,0.0,0,0,,722,d564b725f4e2473af5afe671b2fa1ce71784066b253086b8bcaeedd1ea9e43b1,3.13.13
"2,7,10,r",28,4,730,40,2,6,120.0,4011,0,8ddbf1da444305a57c12cf2b9c60b04f5ffbdd6b,1,930.0,120.0,0.0,0,0,,,d564b725f4e2473af5afe671b2fa1ce71784066b253086b8bcaeedd1ea9e43b1,3.13.13
"2,7,10,r",28,4,730,40,2,6,120.0,4012,0,8ddbf1da444305a57c12cf2b9c60b04f5ffbdd6b,1,451.0,120.0,0.0,0,0,,,d564b725f4e2473af5afe671b2fa1ce71784066b253086b8bcaeedd1ea9e43b1,3.13.13
"2,7,10,r",28,4,730,40,2,6,120.0,4013,0,8ddbf1da444305a57c12cf2b9c60b04f5ffbdd6b,1,2494.0,120.0,0.0,0,0,,,d564b725f4e2473af5afe671b2fa1ce71784066b253086b8bcaeedd1ea9e43b1,3.13.13
"2,7,10,r",28,4,730,40,2,6,120.0,4014,0,8ddbf1da444305a57c12cf2b9c60b04f5ffbdd6b,1,1716.0,120.0,0.0,0,0,,,d564b725f4e2473af5afe671b2fa1ce71784066b253086b8bcaeedd1ea9e43b1,3.13.13
"2,7,10,r",28,4,730,40,2,6,120.0,4015,0,8ddbf1da444305a57c12cf2b9c60b04f5ffbdd6b,1,1915.0,120.0,0.0,0,0,,728,d564b725f4e2473af5afe671b2fa1ce71784066b253086b8bcaeedd1ea9e43b1,3.13.13
"2,7,10,r",28,4,730,40,2,6,120.0,4016,0,8ddbf1da444305a57c12cf2b9c60b04f5ffbdd6b,1,1499.0,120.0,0.0,0,0,,,d564b725f4e2473af5afe671b2fa1ce71784066b253086b8bcaeedd1ea9e43b1,3.13.13
"2,7,10,r",28,4,730,40,2,6,120.0,4017,0,8ddbf1da444305a57c12cf2b9c60b04f5ffbdd6b,1,1119.0,120.0,0.0,0,0,,,d564b725f4e2473af5afe671b2fa1ce71784066b253086b8bcaeedd1ea9e43b1,3.13.13
"2,7,10,r",28,4,730,40,2,6,120.0,4018,0,8ddbf1da444305a57c12cf2b9c60b04f5ffbdd6b,1,1294.0,120.0,0.0,0,0,,,d564b725f4e2473af5afe671b2fa1ce71784066b253086b8bcaeedd1ea9e43b1,3.13.13
"2,7,10,r",28,4,730,40,2,6,120.0,4019,0,8ddbf1da444305a57c12cf2b9c60b04f5ffbdd6b,1,2209.0,120.0,0.0,0,0,,705,d564b725f4e2473af5afe671b2fa1ce71784066b253086b8bcaeedd1ea9e43b1,3.13.13
"2,7,10,r",28,4,730,40,2,6,120.0,4020,0,8ddbf1da444305a57c12cf2b9c60b04f5ffbdd6b,1,1496.0,120.0,0.0,0,0,,730,d564b725f4e2473af5afe671b2fa1ce71784066b253086b8bcaeedd1ea9e43b1,3.13.13
"2,7,10,r",28,4,730,40,2,6,120.0,4021,0,8ddbf1da444305a57c12cf2b9c60b04f5ffbdd6b,1,1836.0,120.0,0.0,0,0,,711,d564b725f4e2473af5afe671b2fa1ce71784066b253086b8bcaeedd1ea9e43b1,3.13.13
"2,7,10,r",28,4,730,40,2,6,120.0,4022,0,8ddbf1da444305a57c12cf2b9c60b04f5ffbdd6b,1,1380.0,120.0,0.0,0,0,,,d564b725f4e2473af5afe671b2fa1ce71784066b253086b8bcaeedd1ea9e43b1,3.13.13
"2,7,10,r",28,4,730,40,2,6,120.0,4023,0,8ddbf1da444305a57c12cf2b9c60b04f5ffbdd6b,1,2256.0,120.0,0.0,0,0,,698,d564b725f4e2473af5afe671b2fa1ce71784066b253086b8bcaeedd1ea9e43b1,3.13.13
"2,7,10,r",28,4,730,40,2,6,120.0,4024,0,8ddbf1da444305a57c12cf2b9c60b04f5ffbdd6b,1,1781.0,120.0,0.0,0,0,,,d564b725f4e2473af5afe671b2fa1ce71784066b253086b8bcaeedd1ea9e43b1,3.13.13
"2,7,10,r",28,4,730,40,2,6,120.0,4025,0,8ddbf1da444305a57c12cf2b9c60b04f5ffbdd6b,1,1334.0,120.0,0.0,0,0,,710,d564b725f4e2473af5afe671b2fa1ce71784066b253086b8bcaeedd1ea9e43b1,3.13.13
"2,7,10,r",28,4,730,40,2,6,120.0,4026,0,8ddbf1da444305a57c12cf2b9c60b04f5ffbdd6b,1,354.0,120.0,0.0,0,0,,,d564b725f4e2473af5afe671b2fa1ce71784066b253086b8bcaeedd1ea9e43b1,3.13.13
"2,7,10,r",28,4,730,40,2,6,120.0,4027,0,8ddbf1da444305a57c12cf2b9c60b04f5ffbdd6b,1,2438.0,120.0,0.0,0,0,,724,d564b725f4e2473af5afe671b2fa1ce71784066b253086b8bcaeedd1ea9e43b1,3.13.13
"2,7,10,r",28,4,730,40,2,6,120.0,4028,0,8ddbf1da444305a57c12cf2b9c60b04f5ffbdd6b,1,1168.0,120.0,0.0,0,0,,,d564b725f4e2473af5afe671b2fa1ce71784066b253086b8bcaeedd1ea9e43b1,3.13.13
"2,7,10,r",28,4,730,40,2,6,120.0,4029,0,8ddbf1da444305a57c12cf2b9c60b04f5ffbdd6b,1,1307.0,120.0,0.0,0,0,,725,d564b725f4e2473af5afe671b2fa1ce71784066b253086b8bcaeedd1ea9e43b1,3.13.13
"2,7,10,r",28,4,730,40,2,6,120.0,4030,0,8ddbf1da444305a57c12cf2b9c60b04f5ffbdd6b,1,1489.0,120.0,0.0,0,0,,,d564b725f4e2473af5afe671b2fa1ce71784066b253086b8bcaeedd1ea9e43b1,3.13.13
"2,7,10,r",28,4,730,40,2,6,400.0,4001,0,8ddbf1da444305a57c12cf2b9c60b04f5ffbdd6b,1,698.0,400.0,0.0,0,0,,,d564b725f4e2473af5afe671b2fa1ce71784066b253086b8bcaeedd1ea9e43b1,3.13.13
"2,7,10,r",28,4,730,40,2,6,400.0,4002,0,8ddbf1da444305a57c12cf2b9c60b04f5ffbdd6b,1,1689.0,400.0,0.0,0,0,,,d564b725f4e2473af5afe671b2fa1ce71784066b253086b8bcaeedd1ea9e43b1,3.13.13
"2,7,10,r",28,4,730,40,2,6,400.0,4003,0,8ddbf1da444305a57c12cf2b9c60b04f5ffbdd6b,1,1111.0,400.0,0.0,0,0,,,d564b725f4e2473af5afe671b2fa1ce71784066b253086b8bcaeedd1ea9e43b1,3.13.13
"2,7,10,r",28,4,730,40,2,6,400.0,4004,0,8ddbf1da444305a57c12cf2b9c60b04f5ffbdd6b,1,919.0,400.0,0.0,0,0,,,d564b725f4e2473af5afe671b2fa1ce71784066b253086b8bcaeedd1ea9e43b1,3.13.13
"2,7,10,r",28,4,730,40,2,6,400.0,4005,0,8ddbf1da444305a57c12cf2b9c60b04f5ffbdd6b,1,691.0,400.0,0.0,0,0,,,d564b725f4e2473af5afe671b2fa1ce71784066b253086b8bcaeedd1ea9e43b1,3.13.13
"2,7,10,r",28,4,730,40,2,6,400.0,4006,0,8ddbf1da444305a57c12cf2b9c60b04f5ffbdd6b,1,603.0,400.0,0.0,0,0,,,d564b725f4e2473af5afe671b2fa1ce71784066b253086b8bcaeedd1ea9e43b1,3.13.13
"2,7,10,r",28,4,730,40,2,6,400.0,4007,0,8ddbf1da444305a57c12cf2b9c60b04f5ffbdd6b,1,477.0,400.0,0.0,0,0,,,d564b725f4e2473af5afe671b2fa1ce71784066b253086b8bcaeedd1ea9e43b1,3.13.13
"2,7,10,r",28,4,730,40,2,6,400.0,4008,0,8ddbf1da444305a57c12cf2b9c60b04f5ffbdd6b,1,351.0,400.0,0.0,0,0,,,d564b725f4e2473af5afe671b2fa1ce71784066b253086b8bcaeedd1ea9e43b1,3.13.13
"2,7,10,r",28,4,730,40,2,6,400.0,4009,0,8ddbf1da444305a57c12cf2b9c60b04f5ffbdd6b,1,900.0,400.0,0.0,0,0,,,d564b725f4e2473af5afe671b2fa1ce71784066b253086b8bcaeedd1ea9e43b1,3.13.13
"2,7,10,r",28,4,730,40,2,6,400.0,4010,0,8ddbf1da444305a57c12cf2b9c60b04f5ffbdd6b,1,936.0,400.0,0.0,0,0,,,d564b725f4e2473af5afe671b2fa1ce71784066b253086b8bcaeedd1ea9e43b1,3.13.13
"2,7,10,r",28,4,730,40,2,6,400.0,4011,0,8ddbf1da444305a57c12cf2b9c60b04f5ffbdd6b,1,913.0,400.0,0.0,0,0,,,d564b725f4e2473af5afe671b2fa1ce71784066b253086b8bcaeedd1ea9e43b1,3.13.13
"2,7,10,r",28,4,730,40,2,6,400.0,4012,0,8ddbf1da444305a57c12cf2b9c60b04f5ffbdd6b,1,1150.0,400.0,0.0,0,0,,,d564b725f4e2473af5afe671b2fa1ce71784066b253086b8bcaeedd1ea9e43b1,3.13.13
"2,7,10,r",28,4,730,40,2,6,400.0,4013,0,8ddbf1da444305a57c12cf2b9c60b04f5ffbdd6b,1,879.0,400.0,0.0,0,0,,,d564b725f4e2473af5afe671b2fa1ce71784066b253086b8bcaeedd1ea9e43b1,3.13.13
"2,7,10,r",28,4,730,40,2,6,400.0,4014,0,8ddbf1da444305a57c12cf2b9c60b04f5ffbdd6b,1,1217.0,400.0,0.0,0,0,,,d564b725f4e2473af5afe671b2fa1ce71784066b253086b8bcaeedd1ea9e43b1,3.13.13
"2,7,10,r",28,4,730,40,2,6,400.0,4015,0,8ddbf1da444305a57c12cf2b9c60b04f5ffbdd6b,1,1049.0,400.0,0.0,0,0,,,d564b725f4e2473af5afe671b2fa1ce71784066b253086b8bcaeedd1ea9e43b1,3.13.13
"2,7,10,r",28,4,730,40,2,6,400.0,4016,0,8ddbf1da444305a57c12cf2b9c60b04f5ffbdd6b,1,327.0,400.0,0.0,0,0,,,d564b725f4e2473af5afe671b2fa1ce71784066b253086b8bcaeedd1ea9e43b1,3.13.13
"2,7,10,r",28,4,730,40,2,6,400.0,4017,0,8ddbf1da444305a57c12cf2b9c60b04f5ffbdd6b,1,516.0,400.0,0.0,0,0,,,d564b725f4e2473af5afe671b2fa1ce71784066b253086b8bcaeedd1ea9e43b1,3.13.13
"2,7,10,r",28,4,730,40,2,6,400.0,4018,0,8ddbf1da444305a57c12cf2b9c60b04f5ffbdd6b,1,777.0,400.0,0.0,0,0,,,d564b725f4e2473af5afe671b2fa1ce71784066b253086b8bcaeedd1ea9e43b1,3.13.13
"2,7,10,r",28,4,730,40,2,6,400.0,4019,0,8ddbf1da444305a57c12cf2b9c60b04f5ffbdd6b,1,768.0,400.0,0.0,0,0,,,d564b725f4e2473af5afe671b2fa1ce71784066b253086b8bcaeedd1ea9e43b1,3.13.13
"2,7,10,r",28,4,730,40,2,6,400.0,4020,0,8ddbf1da444305a57c12cf2b9c60b04f5ffbdd6b,1,942.0,400.0,0.0,0,0,,,d564b725f4e2473af5afe671b2fa1ce71784066b253086b8bcaeedd1ea9e43b1,3.13.13
"2,7,10,r",28,4,730,40,2,6,400.0,4021,0,8ddbf1da444305a57c12cf2b9c60b04f5ffbdd6b,1,1201.0,400.0,0.0,0,0,,,d564b725f4e2473af5afe671b2fa1ce71784066b253086b8bcaeedd1ea9e43b1,3.13.13
"2,7,10,r",28,4,730,40,2,6,400.0,4022,0,8ddbf1da444305a57c12cf2b9c60b04f5ffbdd6b,1,582.0,400.0,0.0,0,0,,,d564b725f4e2473af5afe671b2fa1ce71784066b253086b8bcaeedd1ea9e43b1,3.13.13
"2,7,10,r",28,4,730,40,2,6,400.0,4023,0,8ddbf1da444305a57c12cf2b9c60b04f5ffbdd6b,1,1013.0,390.0,10.0,0,0,,,d564b725f4e2473af5afe671b2fa1ce71784066b253086b8bcaeedd1ea9e43b1,3.13.13
"2,7,10,r",28,4,730,40,2,6,400.0,4024,0,8ddbf1da444305a57c12cf2b9c60b04f5ffbdd6b,1,596.0,400.0,0.0,0,0,,,d564b725f4e2473af5afe671b2fa1ce71784066b253086b8bcaeedd1ea9e43b1,3.13.13
"2,7,10,r",28,4,730,40,2,6,400.0,4025,0,8ddbf1da444305a57c12cf2b9c60b04f5ffbdd6b,1,540.0,400.0,0.0,0,0,,,d564b725f4e2473af5afe671b2fa1ce71784066b253086b8bcaeedd1ea9e43b1,3.13.13
"2,7,10,r",28,4,730,40,2,6,400.0,4026,0,8ddbf1da444305a57c12cf2b9c60b04f5ffbdd6b,1,231.0,400.0,0.0,0,0,,,d564b725f4e2473af5afe671b2fa1ce71784066b253086b8bcaeedd1ea9e43b1,3.13.13
"2,7,10,r",28,4,730,40,2,6,400.0,4027,0,8ddbf1da444305a57c12cf2b9c60b04f5ffbdd6b,1,1324.0,400.0,0.0,0,0,,,d564b725f4e2473af5afe671b2fa1ce71784066b253086b8bcaeedd1ea9e43b1,3.13.13
"2,7,10,r",28,4,730,40,2,6,400.0,4028,0,8ddbf1da444305a57c12cf2b9c60b04f5ffbdd6b,1,686.0,400.0,0.0,0,0,,,d564b725f4e2473af5afe671b2fa1ce71784066b253086b8bcaeedd1ea9e43b1,3.13.13
"2,7,10,r",28,4,730,40,2,6,400.0,4029,0,8ddbf1da444305a57c12cf2b9c60b04f5ffbdd6b,1,735.0,400.0,0.0,0,0,,,d564b725f4e2473af5afe671b2fa1ce71784066b253086b8bcaeedd1ea9e43b1,3.13.13
"2,7,10,r",28,4,730,40,2,6,400.0,4030,0,8ddbf1da444305a57c12cf2b9c60b04f5ffbdd6b,1,645.0,400.0,0.0,0,0,,,d564b725f4e2473af5afe671b2fa1ce71784066b253086b8bcaeedd1ea9e43b1,3.13.13
"2,7,10,r",28,4,730,10,1,6,120.0,4001,0,8ddbf1da444305a57c12cf2b9c60b04f5ffbdd6b,1,1475.0,120.0,0.0,0,0,,,d564b725f4e2473af5afe671b2fa1ce71784066b253086b8bcaeedd1ea9e43b1,3.13.13
"2,7,10,r",28,4,730,10,1,6,120.0,4002,0,8ddbf1da444305a57c12cf2b9c60b04f5ffbdd6b,1,1046.0,120.0,0.0,0,0,,,d564b725f4e2473af5afe671b2fa1ce71784066b253086b8bcaeedd1ea9e43b1,3.13.13
"2,7,10,r",28,4,730,10,1,6,120.0,4003,0,8ddbf1da444305a57c12cf2b9c60b04f5ffbdd6b,1,1594.0,120.0,0.0,0,0,,716,d564b725f4e2473af5afe671b2fa1ce71784066b253086b8bcaeedd1ea9e43b1,3.13.13
"2,7,10,r",28,4,730,10,1,6,120.0,4004,0,8ddbf1da444305a57c12cf2b9c60b04f5ffbdd6b,1,1272.0,120.0,0.0,0,0,,,d564b725f4e2473af5afe671b2fa1ce71784066b253086b8bcaeedd1ea9e43b1,3.13.13
"2,7,10,r",28,4,730,10,1,6,120.0,4005,0,8ddbf1da444305a57c12cf2b9c60b04f5ffbdd6b,1,1399.0,120.0,0.0,0,0,,,d564b725f4e2473af5afe671b2fa1ce71784066b253086b8bcaeedd1ea9e43b1,3.13.13
"2,7,10,r",28,4,730,10,1,6,120.0,4006,0,8ddbf1da444305a57c12cf2b9c60b04f5ffbdd6b,1,1141.0,120.0,0.0,0,0,,,d564b725f4e2473af5afe671b2fa1ce71784066b253086b8bcaeedd1ea9e43b1,3.13.13
"2,7,10,r",28,4,730,10,1,6,120.0,4007,0,8ddbf1da444305a57c12cf2b9c60b04f5ffbdd6b,1,951.0,120.0,0.0,0,0,,725,d564b725f4e2473af5afe671b2fa1ce71784066b253086b8bcaeedd1ea9e43b1,3.13.13
"2,7,10,r",28,4,730,10,1,6,120.0,4008,0,8ddbf1da444305a57c12cf2b9c60b04f5ffbdd6b,1,463.0,120.0,0.0,0,0,,,d564b725f4e2473af5afe671b2fa1ce71784066b253086b8bcaeedd1ea9e43b1,3.13.13
"2,7,10,r",28,4,730,10,1,6,120.0,4009,0,8ddbf1da444305a57c12cf2b9c60b04f5ffbdd6b,1,1979.0,120.0,0.0,0,0,,724,d564b725f4e2473af5afe671b2fa1ce71784066b253086b8bcaeedd1ea9e43b1,3.13.13
"2,7,10,r",28,4,730,10,1,6,120.0,4010,0,8ddbf1da444305a57c12cf2b9c60b04f5ffbdd6b,1,1185.0,120.0,0.0,0,0,,725,d564b725f4e2473af5afe671b2fa1ce71784066b253086b8bcaeedd1ea9e43b1,3.13.13
"2,7,10,r",28,4,730,10,1,6,120.0,4011,0,8ddbf1da444305a57c12cf2b9c60b04f5ffbdd6b,1,878.0,120.0,0.0,0,0,,,d564b725f4e2473af5afe671b2fa1ce71784066b253086b8bcaeedd1ea9e43b1,3.13.13
"2,7,10,r",28,4,730,10,1,6,120.0,4012,0,8ddbf1da444305a57c12cf2b9c60b04f5ffbdd6b,1,1092.0,120.0,0.0,0,0,,,d564b725f4e2473af5afe671b2fa1ce71784066b253086b8bcaeedd1ea9e43b1,3.13.13
"2,7,10,r",28,4,730,10,1,6,120.0,4013,0,8ddbf1da444305a57c12cf2b9c60b04f5ffbdd6b,1,1892.0,120.0,0.0,0,0,,729,d564b725f4e2473af5afe671b2fa1ce71784066b253086b8bcaeedd1ea9e43b1,3.13.13
"2,7,10,r",28,4,730,10,1,6,120.0,4014,0,8ddbf1da444305a57c12cf2b9c60b04f5ffbdd6b,1,1278.0,120.0,0.0,0,0,,,d564b725f4e2473af5afe671b2fa1ce71784066b253086b8bcaeedd1ea9e43b1,3.13.13
"2,7,10,r",28,4,730,10,1,6,120.0,4015,0,8ddbf1da444305a57c12cf2b9c60b04f5ffbdd6b,1,1570.0,120.0,0.0,0,0,,728,d564b725f4e2473af5afe671b2fa1ce71784066b253086b8bcaeedd1ea9e43b1,3.13.13
"2,7,10,r",28,4,730,10,1,6,120.0,4016,0,8ddbf1da444305a57c12cf2b9c60b04f5ffbdd6b,1,1310.0,120.0,0.0,0,0,,,d564b725f4e2473af5afe671b2fa1ce71784066b253086b8bcaeedd1ea9e43b1,3.13.13
"2,7,10,r",28,4,730,10,1,6,120.0,4017,0,8ddbf1da444305a57c12cf2b9c60b04f5ffbdd6b,1,1333.0,120.0,0.0,0,0,,,d564b725f4e2473af5afe671b2fa1ce71784066b253086b8bcaeedd1ea9e43b1,3.13.13
"2,7,10,r",28,4,730,10,1,6,120.0,4018,0,8ddbf1da444305a57c12cf2b9c60b04f5ffbdd6b,1,1296.0,120.0,0.0,0,0,,,d564b725f4e2473af5afe671b2fa1ce71784066b253086b8bcaeedd1ea9e43b1,3.13.13
"2,7,10,r",28,4,730,10,1,6,120.0,4019,0,8ddbf1da444305a57c12cf2b9c60b04f5ffbdd6b,1,1263.0,120.0,0.0,0,0,,710,d564b725f4e2473af5afe671b2fa1ce71784066b253086b8bcaeedd1ea9e43b1,3.13.13
"2,7,10,r",28,4,730,10,1,6,120.0,4020,0,8ddbf1da444305a57c12cf2b9c60b04f5ffbdd6b,1,1081.0,120.0,0.0,0,0,,,d564b725f4e2473af5afe671b2fa1ce71784066b253086b8bcaeedd1ea9e43b1,3.13.13
"2,7,10,r",28,4,730,10,1,6,120.0,4021,0,8ddbf1da444305a57c12cf2b9c60b04f5ffbdd6b,1,1811.0,120.0,0.0,0,0,,725,d564b725f4e2473af5afe671b2fa1ce71784066b253086b8bcaeedd1ea9e43b1,3.13.13
"2,7,10,r",28,4,730,10,1,6,120.0,4022,0,8ddbf1da444305a57c12cf2b9c60b04f5ffbdd6b,1,323.0,120.0,0.0,0,0,,,d564b725f4e2473af5afe671b2fa1ce71784066b253086b8bcaeedd1ea9e43b1,3.13.13
"2,7,10,r",28,4,730,10,1,6,120.0,4023,0,8ddbf1da444305a57c12cf2b9c60b04f5ffbdd6b,1,2043.0,120.0,0.0,0,0,,,d564b725f4e2473af5afe671b2fa1ce71784066b253086b8bcaeedd1ea9e43b1,3.13.13
"2,7,10,r",28,4,730,10,1,6,120.0,4024,0,8ddbf1da444305a57c12cf2b9c60b04f5ffbdd6b,1,1391.0,120.0,0.0,0,0,,,d564b725f4e2473af5afe671b2fa1ce71784066b253086b8bcaeedd1ea9e43b1,3.13.13
"2,7,10,r",28,4,730,10,1,6,120.0,4025,0,8ddbf1da444305a57c12cf2b9c60b04f5ffbdd6b,1,1138.0,120.0,0.0,0,0,,,d564b725f4e2473af5afe671b2fa1ce71784066b253086b8bcaeedd1ea9e43b1,3.13.13
"2,7,10,r",28,4,730,10,1,6,120.0,4026,0,8ddbf1da444305a57c12cf2b9c60b04f5ffbdd6b,1,396.0,120.0,0.0,0,0,,,d564b725f4e2473af5afe671b2fa1ce71784066b253086b8bcaeedd1ea9e43b1,3.13.13
"2,7,10,r",28,4,730,10,1,6,120.0,4027,0,8ddbf1da444305a57c12cf2b9c60b04f5ffbdd6b,1,1690.0,120.0,0.0,0,0,,725,d564b725f4e2473af5afe671b2fa1ce71784066b253086b8bcaeedd1ea9e43b1,3.13.13
"2,7,10,r",28,4,730,10,1,6,120.0,4028,0,8ddbf1da444305a57c12cf2b9c60b04f5ffbdd6b,1,1402.0,120.0,0.0,0,0,,729,d564b725f4e2473af5afe671b2fa1ce71784066b253086b8bcaeedd1ea9e43b1,3.13.13
"2,7,10,r",28,4,730,10,1,6,120.0,4029,0,8ddbf1da444305a57c12cf2b9c60b04f5ffbdd6b,1,1912.0,120.0,0.0,0,0,,,d564b725f4e2473af5afe671b2fa1ce71784066b253086b8bcaeedd1ea9e43b1,3.13.13
"2,7,10,r",28,4,730,10,1,6,120.0,4030,0,8ddbf1da444305a57c12cf2b9c60b04f5ffbdd6b,1,1012.0,120.0,0.0,0,0,,,d564b725f4e2473af5afe671b2fa1ce71784066b253086b8bcaeedd1ea9e43b1,3.13.13
"2,7,10,r",28,4,730,10,1,6,400.0,4001,0,8ddbf1da444305a57c12cf2b9c60b04f5ffbdd6b,1,590.0,400.0,0.0,0,0,,729,d564b725f4e2473af5afe671b2fa1ce71784066b253086b8bcaeedd1ea9e43b1,3.13.13
"2,7,10,r",28,4,730,10,1,6,400.0,4002,0,8ddbf1da444305a57c12cf2b9c60b04f5ffbdd6b,1,582.0,400.0,0.0,0,0,,,d564b725f4e2473af5afe671b2fa1ce71784066b253086b8bcaeedd1ea9e43b1,3.13.13
"2,7,10,r",28,4,730,10,1,6,400.0,4003,0,8ddbf1da444305a57c12cf2b9c60b04f5ffbdd6b,1,1136.0,400.0,0.0,0,0,,,d564b725f4e2473af5afe671b2fa1ce71784066b253086b8bcaeedd1ea9e43b1,3.13.13
"2,7,10,r",28,4,730,10,1,6,400.0,4004,0,8ddbf1da444305a57c12cf2b9c60b04f5ffbdd6b,1,672.0,400.0,0.0,0,0,,,d564b725f4e2473af5afe671b2fa1ce71784066b253086b8bcaeedd1ea9e43b1,3.13.13
"2,7,10,r",28,4,730,10,1,6,400.0,4005,0,8ddbf1da444305a57c12cf2b9c60b04f5ffbdd6b,1,424.0,400.0,0.0,0,0,,,d564b725f4e2473af5afe671b2fa1ce71784066b253086b8bcaeedd1ea9e43b1,3.13.13
"2,7,10,r",28,4,730,10,1,6,400.0,4006,0,8ddbf1da444305a57c12cf2b9c60b04f5ffbdd6b,1,961.0,400.0,0.0,0,0,,,d564b725f4e2473af5afe671b2fa1ce71784066b253086b8bcaeedd1ea9e43b1,3.13.13
"2,7,10,r",28,4,730,10,1,6,400.0,4007,0,8ddbf1da444305a57c12cf2b9c60b04f5ffbdd6b,1,804.0,400.0,0.0,0,0,,,d564b725f4e2473af5afe671b2fa1ce71784066b253086b8bcaeedd1ea9e43b1,3.13.13
"2,7,10,r",28,4,730,10,1,6,400.0,4008,0,8ddbf1da444305a57c12cf2b9c60b04f5ffbdd6b,1,472.0,400.0,0.0,0,0,,,d564b725f4e2473af5afe671b2fa1ce71784066b253086b8bcaeedd1ea9e43b1,3.13.13
"2,7,10,r",28,4,730,10,1,6,400.0,4009,0,8ddbf1da444305a57c12cf2b9c60b04f5ffbdd6b,1,677.0,400.0,0.0,0,0,,,d564b725f4e2473af5afe671b2fa1ce71784066b253086b8bcaeedd1ea9e43b1,3.13.13
"2,7,10,r",28,4,730,10,1,6,400.0,4010,0,8ddbf1da444305a57c12cf2b9c60b04f5ffbdd6b,1,506.0,400.0,0.0,0,0,,,d564b725f4e2473af5afe671b2fa1ce71784066b253086b8bcaeedd1ea9e43b1,3.13.13
"2,7,10,r",28,4,730,10,1,6,400.0,4011,0,8ddbf1da444305a57c12cf2b9c60b04f5ffbdd6b,1,844.0,400.0,0.0,0,0,,,d564b725f4e2473af5afe671b2fa1ce71784066b253086b8bcaeedd1ea9e43b1,3.13.13
"2,7,10,r",28,4,730,10,1,6,400.0,4012,0,8ddbf1da444305a57c12cf2b9c60b04f5ffbdd6b,1,416.0,400.0,0.0,0,0,,,d564b725f4e2473af5afe671b2fa1ce71784066b253086b8bcaeedd1ea9e43b1,3.13.13
"2,7,10,r",28,4,730,10,1,6,400.0,4013,0,8ddbf1da444305a57c12cf2b9c60b04f5ffbdd6b,1,484.0,400.0,0.0,0,0,,,d564b725f4e2473af5afe671b2fa1ce71784066b253086b8bcaeedd1ea9e43b1,3.13.13
"2,7,10,r",28,4,730,10,1,6,400.0,4014,0,8ddbf1da444305a57c12cf2b9c60b04f5ffbdd6b,1,541.0,400.0,0.0,0,0,,,d564b725f4e2473af5afe671b2fa1ce71784066b253086b8bcaeedd1ea9e43b1,3.13.13
"2,7,10,r",28,4,730,10,1,6,400.0,4015,0,8ddbf1da444305a57c12cf2b9c60b04f5ffbdd6b,1,869.0,400.0,0.0,0,0,,,d564b725f4e2473af5afe671b2fa1ce71784066b253086b8bcaeedd1ea9e43b1,3.13.13
"2,7,10,r",28,4,730,10,1,6,400.0,4016,0,8ddbf1da444305a57c12cf2b9c60b04f5ffbdd6b,1,282.0,400.0,0.0,0,0,,,d564b725f4e2473af5afe671b2fa1ce71784066b253086b8bcaeedd1ea9e43b1,3.13.13
"2,7,10,r",28,4,730,10,1,6,400.0,4017,0,8ddbf1da444305a57c12cf2b9c60b04f5ffbdd6b,1,393.0,400.0,0.0,0,0,,,d564b725f4e2473af5afe671b2fa1ce71784066b253086b8bcaeedd1ea9e43b1,3.13.13
"2,7,10,r",28,4,730,10,1,6,400.0,4018,0,8ddbf1da444305a57c12cf2b9c60b04f5ffbdd6b,1,440.0,400.0,0.0,0,0,,730,d564b725f4e2473af5afe671b2fa1ce71784066b253086b8bcaeedd1ea9e43b1,3.13.13
"2,7,10,r",28,4,730,10,1,6,400.0,4019,0,8ddbf1da444305a57c12cf2b9c60b04f5ffbdd6b,1,444.0,400.0,0.0,0,0,,,d564b725f4e2473af5afe671b2fa1ce71784066b253086b8bcaeedd1ea9e43b1,3.13.13
"2,7,10,r",28,4,730,10,1,6,400.0,4020,0,8ddbf1da444305a57c12cf2b9c60b04f5ffbdd6b,1,428.0,400.0,0.0,0,0,,,d564b725f4e2473af5afe671b2fa1ce71784066b253086b8bcaeedd1ea9e43b1,3.13.13
"2,7,10,r",28,4,730,10,1,6,400.0,4021,0,8ddbf1da444305a57c12cf2b9c60b04f5ffbdd6b,1,792.0,390.0,10.0,0,0,,,d564b725f4e2473af5afe671b2fa1ce71784066b253086b8bcaeedd1ea9e43b1,3.13.13
"2,7,10,r",28,4,730,10,1,6,400.0,4022,0,8ddbf1da444305a57c12cf2b9c60b04f5ffbdd6b,1,145.0,400.0,0.0,0,0,,,d564b725f4e2473af5afe671b2fa1ce71784066b253086b8bcaeedd1ea9e43b1,3.13.13
"2,7,10,r",28,4,730,10,1,6,400.0,4023,0,8ddbf1da444305a57c12cf2b9c60b04f5ffbdd6b,1,1044.0,400.0,0.0,0,0,,,d564b725f4e2473af5afe671b2fa1ce71784066b253086b8bcaeedd1ea9e43b1,3.13.13
"2,7,10,r",28,4,730,10,1,6,400.0,4024,0,8ddbf1da444305a57c12cf2b9c60b04f5ffbdd6b,1,559.0,400.0,0.0,0,0,,,d564b725f4e2473af5afe671b2fa1ce71784066b253086b8bcaeedd1ea9e43b1,3.13.13
"2,7,10,r",28,4,730,10,1,6,400.0,4025,0,8ddbf1da444305a57c12cf2b9c60b04f5ffbdd6b,1,399.0,400.0,0.0,0,0,,,d564b725f4e2473af5afe671b2fa1ce71784066b253086b8bcaeedd1ea9e43b1,3.13.13
"2,7,10,r",28,4,730,10,1,6,400.0,4026,0,8ddbf1da444305a57c12cf2b9c60b04f5ffbdd6b,1,494.0,400.0,0.0,0,0,,,d564b725f4e2473af5afe671b2fa1ce71784066b253086b8bcaeedd1ea9e43b1,3.13.13
"2,7,10,r",28,4,730,10,1,6,400.0,4027,0,8ddbf1da444305a57c12cf2b9c60b04f5ffbdd6b,1,1143.0,400.0,0.0,0,0,,,d564b725f4e2473af5afe671b2fa1ce71784066b253086b8bcaeedd1ea9e43b1,3.13.13
"2,7,10,r",28,4,730,10,1,6,400.0,4028,0,8ddbf1da444305a57c12cf2b9c60b04f5ffbdd6b,1,352.0,400.0,0.0,0,0,,,d564b725f4e2473af5afe671b2fa1ce71784066b253086b8bcaeedd1ea9e43b1,3.13.13
"2,7,10,r",28,4,730,10,1,6,400.0,4029,0,8ddbf1da444305a57c12cf2b9c60b04f5ffbdd6b,1,775.0,400.0,0.0,0,0,,,d564b725f4e2473af5afe671b2fa1ce71784066b253086b8bcaeedd1ea9e43b1,3.13.13
"2,7,10,r",28,4,730,10,1,6,400.0,4030,0,8ddbf1da444305a57c12cf2b9c60b04f5ffbdd6b,1,653.0,400.0,0.0,0,0,,,d564b725f4e2473af5afe671b2fa1ce71784066b253086b8bcaeedd1ea9e43b1,3.13.13
"2,7,10,r",28,4,730,10,2,6,120.0,4001,0,8ddbf1da444305a57c12cf2b9c60b04f5ffbdd6b,1,1494.0,120.0,0.0,0,0,,723,d564b725f4e2473af5afe671b2fa1ce71784066b253086b8bcaeedd1ea9e43b1,3.13.13
"2,7,10,r",28,4,730,10,2,6,120.0,4002,0,8ddbf1da444305a57c12cf2b9c60b04f5ffbdd6b,1,1046.0,120.0,0.0,0,0,,,d564b725f4e2473af5afe671b2fa1ce71784066b253086b8bcaeedd1ea9e43b1,3.13.13
"2,7,10,r",28,4,730,10,2,6,120.0,4003,0,8ddbf1da444305a57c12cf2b9c60b04f5ffbdd6b,1,1647.0,120.0,0.0,0,0,,720,d564b725f4e2473af5afe671b2fa1ce71784066b253086b8bcaeedd1ea9e43b1,3.13.13
"2,7,10,r",28,4,730,10,2,6,120.0,4004,0,8ddbf1da444305a57c12cf2b9c60b04f5ffbdd6b,1,1727.0,120.0,0.0,0,0,,,d564b725f4e2473af5afe671b2fa1ce71784066b253086b8bcaeedd1ea9e43b1,3.13.13
"2,7,10,r",28,4,730,10,2,6,120.0,4005,0,8ddbf1da444305a57c12cf2b9c60b04f5ffbdd6b,1,1399.0,120.0,0.0,0,0,,,d564b725f4e2473af5afe671b2fa1ce71784066b253086b8bcaeedd1ea9e43b1,3.13.13
"2,7,10,r",28,4,730,10,2,6,120.0,4006,0,8ddbf1da444305a57c12cf2b9c60b04f5ffbdd6b,1,1141.0,120.0,0.0,0,0,,,d564b725f4e2473af5afe671b2fa1ce71784066b253086b8bcaeedd1ea9e43b1,3.13.13
"2,7,10,r",28,4,730,10,2,6,120.0,4007,0,8ddbf1da444305a57c12cf2b9c60b04f5ffbdd6b,1,951.0,120.0,0.0,0,0,,725,d564b725f4e2473af5afe671b2fa1ce71784066b253086b8bcaeedd1ea9e43b1,3.13.13
"2,7,10,r",28,4,730,10,2,6,120.0,4008,0,8ddbf1da444305a57c12cf2b9c60b04f5ffbdd6b,1,463.0,120.0,0.0,0,0,,,d564b725f4e2473af5afe671b2fa1ce71784066b253086b8bcaeedd1ea9e43b1,3.13.13
"2,7,10,r",28,4,730,10,2,6,120.0,4009,0,8ddbf1da444305a57c12cf2b9c60b04f5ffbdd6b,1,1979.0,120.0,0.0,0,0,,724,d564b725f4e2473af5afe671b2fa1ce71784066b253086b8bcaeedd1ea9e43b1,3.13.13
"2,7,10,r",28,4,730,10,2,6,120.0,4010,0,8ddbf1da444305a57c12cf2b9c60b04f5ffbdd6b,1,1185.0,120.0,0.0,0,0,,725,d564b725f4e2473af5afe671b2fa1ce71784066b253086b8bcaeedd1ea9e43b1,3.13.13
"2,7,10,r",28,4,730,10,2,6,120.0,4011,0,8ddbf1da444305a57c12cf2b9c60b04f5ffbdd6b,1,878.0,120.0,0.0,0,0,,,d564b725f4e2473af5afe671b2fa1ce71784066b253086b8bcaeedd1ea9e43b1,3.13.13
"2,7,10,r",28,4,730,10,2,6,120.0,4012,0,8ddbf1da444305a57c12cf2b9c60b04f5ffbdd6b,1,1100.0,120.0,0.0,0,0,,,d564b725f4e2473af5afe671b2fa1ce71784066b253086b8bcaeedd1ea9e43b1,3.13.13
"2,7,10,r",28,4,730,10,2,6,120.0,4013,0,8ddbf1da444305a57c12cf2b9c60b04f5ffbdd6b,1,1892.0,120.0,0.0,0,0,,729,d564b725f4e2473af5afe671b2fa1ce71784066b253086b8bcaeedd1ea9e43b1,3.13.13
"2,7,10,r",28,4,730,10,2,6,120.0,4014,0,8ddbf1da444305a57c12cf2b9c60b04f5ffbdd6b,1,1278.0,120.0,0.0,0,0,,,d564b725f4e2473af5afe671b2fa1ce71784066b253086b8bcaeedd1ea9e43b1,3.13.13
"2,7,10,r",28,4,730,10,2,6,120.0,4015,0,8ddbf1da444305a57c12cf2b9c60b04f5ffbdd6b,1,1570.0,120.0,0.0,0,0,,728,d564b725f4e2473af5afe671b2fa1ce71784066b253086b8bcaeedd1ea9e43b1,3.13.13
"2,7,10,r",28,4,730,10,2,6,120.0,4016,0,8ddbf1da444305a57c12cf2b9c60b04f5ffbdd6b,1,1310.0,120.0,0.0,0,0,,,d564b725f4e2473af5afe671b2fa1ce71784066b253086b8bcaeedd1ea9e43b1,3.13.13
"2,7,10,r",28,4,730,10,2,6,120.0,4017,0,8ddbf1da444305a57c12cf2b9c60b04f5ffbdd6b,1,1333.0,120.0,0.0,0,0,,,d564b725f4e2473af5afe671b2fa1ce71784066b253086b8bcaeedd1ea9e43b1,3.13.13
"2,7,10,r",28,4,730,10,2,6,120.0,4018,0,8ddbf1da444305a57c12cf2b9c60b04f5ffbdd6b,1,1296.0,120.0,0.0,0,0,,,d564b725f4e2473af5afe671b2fa1ce71784066b253086b8bcaeedd1ea9e43b1,3.13.13
"2,7,10,r",28,4,730,10,2,6,120.0,4019,0,8ddbf1da444305a57c12cf2b9c60b04f5ffbdd6b,1,1263.0,120.0,0.0,0,0,,710,d564b725f4e2473af5afe671b2fa1ce71784066b253086b8bcaeedd1ea9e43b1,3.13.13
"2,7,10,r",28,4,730,10,2,6,120.0,4020,0,8ddbf1da444305a57c12cf2b9c60b04f5ffbdd6b,1,1081.0,120.0,0.0,0,0,,,d564b725f4e2473af5afe671b2fa1ce71784066b253086b8bcaeedd1ea9e43b1,3.13.13
"2,7,10,r",28,4,730,10,2,6,120.0,4021,0,8ddbf1da444305a57c12cf2b9c60b04f5ffbdd6b,1,1811.0,120.0,0.0,0,0,,725,d564b725f4e2473af5afe671b2fa1ce71784066b253086b8bcaeedd1ea9e43b1,3.13.13
"2,7,10,r",28,4,730,10,2,6,120.0,4022,0,8ddbf1da444305a57c12cf2b9c60b04f5ffbdd6b,1,323.0,120.0,0.0,0,0,,,d564b725f4e2473af5afe671b2fa1ce71784066b253086b8bcaeedd1ea9e43b1,3.13.13
"2,7,10,r",28,4,730,10,2,6,120.0,4023,0,8ddbf1da444305a57c12cf2b9c60b04f5ffbdd6b,1,1466.0,120.0,0.0,0,0,,712,d564b725f4e2473af5afe671b2fa1ce71784066b253086b8bcaeedd1ea9e43b1,3.13.13
"2,7,10,r",28,4,730,10,2,6,120.0,4024,0,8ddbf1da444305a57c12cf2b9c60b04f5ffbdd6b,1,1020.0,120.0,0.0,0,0,,,d564b725f4e2473af5afe671b2fa1ce71784066b253086b8bcaeedd1ea9e43b1,3.13.13
"2,7,10,r",28,4,730,10,2,6,120.0,4025,0,8ddbf1da444305a57c12cf2b9c60b04f5ffbdd6b,1,1138.0,120.0,0.0,0,0,,,d564b725f4e2473af5afe671b2fa1ce71784066b253086b8bcaeedd1ea9e43b1,3.13.13
"2,7,10,r",28,4,730,10,2,6,120.0,4026,0,8ddbf1da444305a57c12cf2b9c60b04f5ffbdd6b,1,396.0,120.0,0.0,0,0,,,d564b725f4e2473af5afe671b2fa1ce71784066b253086b8bcaeedd1ea9e43b1,3.13.13
"2,7,10,r",28,4,730,10,2,6,120.0,4027,0,8ddbf1da444305a57c12cf2b9c60b04f5ffbdd6b,1,1690.0,120.0,0.0,0,0,,725,d564b725f4e2473af5afe671b2fa1ce71784066b253086b8bcaeedd1ea9e43b1,3.13.13
"2,7,10,r",28,4,730,10,2,6,120.0,4028,0,8ddbf1da444305a57c12cf2b9c60b04f5ffbdd6b,1,1402.0,120.0,0.0,0,0,,729,d564b725f4e2473af5afe671b2fa1ce71784066b253086b8bcaeedd1ea9e43b1,3.13.13
"2,7,10,r",28,4,730,10,2,6,120.0,4029,0,8ddbf1da444305a57c12cf2b9c60b04f5ffbdd6b,1,1912.0,120.0,0.0,0,0,,,d564b725f4e2473af5afe671b2fa1ce71784066b253086b8bcaeedd1ea9e43b1,3.13.13
"2,7,10,r",28,4,730,10,2,6,120.0,4030,0,8ddbf1da444305a57c12cf2b9c60b04f5ffbdd6b,1,1012.0,120.0,0.0,0,0,,,d564b725f4e2473af5afe671b2fa1ce71784066b253086b8bcaeedd1ea9e43b1,3.13.13
"2,7,10,r",28,4,730,10,2,6,400.0,4001,0,8ddbf1da444305a57c12cf2b9c60b04f5ffbdd6b,1,593.0,400.0,0.0,0,0,,,d564b725f4e2473af5afe671b2fa1ce71784066b253086b8bcaeedd1ea9e43b1,3.13.13
"2,7,10,r",28,4,730,10,2,6,400.0,4002,0,8ddbf1da444305a57c12cf2b9c60b04f5ffbdd6b,1,638.0,400.0,0.0,0,0,,,d564b725f4e2473af5afe671b2fa1ce71784066b253086b8bcaeedd1ea9e43b1,3.13.13
"2,7,10,r",28,4,730,10,2,6,400.0,4003,0,8ddbf1da444305a57c12cf2b9c60b04f5ffbdd6b,1,1003.0,400.0,0.0,0,0,,,d564b725f4e2473af5afe671b2fa1ce71784066b253086b8bcaeedd1ea9e43b1,3.13.13
"2,7,10,r",28,4,730,10,2,6,400.0,4004,0,8ddbf1da444305a57c12cf2b9c60b04f5ffbdd6b,1,593.0,400.0,0.0,0,0,,,d564b725f4e2473af5afe671b2fa1ce71784066b253086b8bcaeedd1ea9e43b1,3.13.13
"2,7,10,r",28,4,730,10,2,6,400.0,4005,0,8ddbf1da444305a57c12cf2b9c60b04f5ffbdd6b,1,478.0,400.0,0.0,0,0,,,d564b725f4e2473af5afe671b2fa1ce71784066b253086b8bcaeedd1ea9e43b1,3.13.13
"2,7,10,r",28,4,730,10,2,6,400.0,4006,0,8ddbf1da444305a57c12cf2b9c60b04f5ffbdd6b,1,961.0,400.0,0.0,0,0,,,d564b725f4e2473af5afe671b2fa1ce71784066b253086b8bcaeedd1ea9e43b1,3.13.13
"2,7,10,r",28,4,730,10,2,6,400.0,4007,0,8ddbf1da444305a57c12cf2b9c60b04f5ffbdd6b,1,701.0,400.0,0.0,0,0,,,d564b725f4e2473af5afe671b2fa1ce71784066b253086b8bcaeedd1ea9e43b1,3.13.13
"2,7,10,r",28,4,730,10,2,6,400.0,4008,0,8ddbf1da444305a57c12cf2b9c60b04f5ffbdd6b,1,516.0,400.0,0.0,0,0,,,d564b725f4e2473af5afe671b2fa1ce71784066b253086b8bcaeedd1ea9e43b1,3.13.13
"2,7,10,r",28,4,730,10,2,6,400.0,4009,0,8ddbf1da444305a57c12cf2b9c60b04f5ffbdd6b,1,677.0,400.0,0.0,0,0,,,d564b725f4e2473af5afe671b2fa1ce71784066b253086b8bcaeedd1ea9e43b1,3.13.13
"2,7,10,r",28,4,730,10,2,6,400.0,4010,0,8ddbf1da444305a57c12cf2b9c60b04f5ffbdd6b,1,321.0,400.0,0.0,0,0,,,d564b725f4e2473af5afe671b2fa1ce71784066b253086b8bcaeedd1ea9e43b1,3.13.13
"2,7,10,r",28,4,730,10,2,6,400.0,4011,0,8ddbf1da444305a57c12cf2b9c60b04f5ffbdd6b,1,844.0,400.0,0.0,0,0,,,d564b725f4e2473af5afe671b2fa1ce71784066b253086b8bcaeedd1ea9e43b1,3.13.13
"2,7,10,r",28,4,730,10,2,6,400.0,4012,0,8ddbf1da444305a57c12cf2b9c60b04f5ffbdd6b,1,621.0,400.0,0.0,0,0,,,d564b725f4e2473af5afe671b2fa1ce71784066b253086b8bcaeedd1ea9e43b1,3.13.13
"2,7,10,r",28,4,730,10,2,6,400.0,4013,0,8ddbf1da444305a57c12cf2b9c60b04f5ffbdd6b,1,655.0,400.0,0.0,0,0,,,d564b725f4e2473af5afe671b2fa1ce71784066b253086b8bcaeedd1ea9e43b1,3.13.13
"2,7,10,r",28,4,730,10,2,6,400.0,4014,0,8ddbf1da444305a57c12cf2b9c60b04f5ffbdd6b,1,438.0,400.0,0.0,0,0,,,d564b725f4e2473af5afe671b2fa1ce71784066b253086b8bcaeedd1ea9e43b1,3.13.13
"2,7,10,r",28,4,730,10,2,6,400.0,4015,0,8ddbf1da444305a57c12cf2b9c60b04f5ffbdd6b,1,869.0,400.0,0.0,0,0,,,d564b725f4e2473af5afe671b2fa1ce71784066b253086b8bcaeedd1ea9e43b1,3.13.13
"2,7,10,r",28,4,730,10,2,6,400.0,4016,0,8ddbf1da444305a57c12cf2b9c60b04f5ffbdd6b,1,282.0,400.0,0.0,0,0,,,d564b725f4e2473af5afe671b2fa1ce71784066b253086b8bcaeedd1ea9e43b1,3.13.13
"2,7,10,r",28,4,730,10,2,6,400.0,4017,0,8ddbf1da444305a57c12cf2b9c60b04f5ffbdd6b,1,242.0,400.0,0.0,0,0,,,d564b725f4e2473af5afe671b2fa1ce71784066b253086b8bcaeedd1ea9e43b1,3.13.13
"2,7,10,r",28,4,730,10,2,6,400.0,4018,0,8ddbf1da444305a57c12cf2b9c60b04f5ffbdd6b,1,482.0,400.0,0.0,0,0,,,d564b725f4e2473af5afe671b2fa1ce71784066b253086b8bcaeedd1ea9e43b1,3.13.13
"2,7,10,r",28,4,730,10,2,6,400.0,4019,0,8ddbf1da444305a57c12cf2b9c60b04f5ffbdd6b,1,444.0,400.0,0.0,0,0,,,d564b725f4e2473af5afe671b2fa1ce71784066b253086b8bcaeedd1ea9e43b1,3.13.13
"2,7,10,r",28,4,730,10,2,6,400.0,4020,0,8ddbf1da444305a57c12cf2b9c60b04f5ffbdd6b,1,445.0,400.0,0.0,0,0,,,d564b725f4e2473af5afe671b2fa1ce71784066b253086b8bcaeedd1ea9e43b1,3.13.13
"2,7,10,r",28,4,730,10,2,6,400.0,4021,0,8ddbf1da444305a57c12cf2b9c60b04f5ffbdd6b,1,972.0,400.0,0.0,0,0,,,d564b725f4e2473af5afe671b2fa1ce71784066b253086b8bcaeedd1ea9e43b1,3.13.13
"2,7,10,r",28,4,730,10,2,6,400.0,4022,0,8ddbf1da444305a57c12cf2b9c60b04f5ffbdd6b,1,145.0,400.0,0.0,0,0,,,d564b725f4e2473af5afe671b2fa1ce71784066b253086b8bcaeedd1ea9e43b1,3.13.13
"2,7,10,r",28,4,730,10,2,6,400.0,4023,0,8ddbf1da444305a57c12cf2b9c60b04f5ffbdd6b,1,942.0,400.0,0.0,0,0,,,d564b725f4e2473af5afe671b2fa1ce71784066b253086b8bcaeedd1ea9e43b1,3.13.13
"2,7,10,r",28,4,730,10,2,6,400.0,4024,0,8ddbf1da444305a57c12cf2b9c60b04f5ffbdd6b,1,306.0,400.0,0.0,0,0,,,d564b725f4e2473af5afe671b2fa1ce71784066b253086b8bcaeedd1ea9e43b1,3.13.13
"2,7,10,r",28,4,730,10,2,6,400.0,4025,0,8ddbf1da444305a57c12cf2b9c60b04f5ffbdd6b,1,399.0,400.0,0.0,0,0,,,d564b725f4e2473af5afe671b2fa1ce71784066b253086b8bcaeedd1ea9e43b1,3.13.13
"2,7,10,r",28,4,730,10,2,6,400.0,4026,0,8ddbf1da444305a57c12cf2b9c60b04f5ffbdd6b,1,387.0,400.0,0.0,0,0,,,d564b725f4e2473af5afe671b2fa1ce71784066b253086b8bcaeedd1ea9e43b1,3.13.13
"2,7,10,r",28,4,730,10,2,6,400.0,4027,0,8ddbf1da444305a57c12cf2b9c60b04f5ffbdd6b,1,1044.0,400.0,0.0,0,0,,,d564b725f4e2473af5afe671b2fa1ce71784066b253086b8bcaeedd1ea9e43b1,3.13.13
"2,7,10,r",28,4,730,10,2,6,400.0,4028,0,8ddbf1da444305a57c12cf2b9c60b04f5ffbdd6b,1,352.0,400.0,0.0,0,0,,,d564b725f4e2473af5afe671b2fa1ce71784066b253086b8bcaeedd1ea9e43b1,3.13.13
"2,7,10,r",28,4,730,10,2,6,400.0,4029,0,8ddbf1da444305a57c12cf2b9c60b04f5ffbdd6b,1,877.0,400.0,0.0,0,0,,,d564b725f4e2473af5afe671b2fa1ce71784066b253086b8bcaeedd1ea9e43b1,3.13.13
"2,7,10,r",28,4,730,10,2,6,400.0,4030,0,8ddbf1da444305a57c12cf2b9c60b04f5ffbdd6b,1,557.0,400.0,0.0,0,0,,,d564b725f4e2473af5afe671b2fa1ce71784066b253086b8bcaeedd1ea9e43b1,3.13.13
